Workbook

Sheet concepts_oct152021
A1: id | B1: name | C1: concept type | D1: medical system | E1: is draft | F1: is epi concept | G1: base kb iri | H1: layman name | I1: is disease-as-risk-factor | J1: original_node_id | K1: layman_question | L1: red_flag | M1: searchable | N1: Triage | O1: Acute/Chronic | P1: last updated Oct 15 2021
A2: 001fa650-28b0-49a1-b36d-76503257d798 | B2: Pain in penis | C2: SYMPTOM | D2: None | E2: False | F2: True | G2: https://bbl.health/87aa1GcS2z | H2: Pain in penis | I2: False | J2: 001fa650-28b0-49a1-b36d-76503257d798 | K2: Do you have pain in your penis? | L2: False | M2: True | N2: None | O2: None
A3: 003eb640-3e58-43c9-9a15-47d92c98120f | B3: Peri-orbital cellulitis | C3: DISEASE | D3: OPHTHALMOLOGY | E3: False | F3: True | G3: https://bbl.health/qjOMB7JE5q | H3: Peri-orbital cellulitis | I3: False | J3: 003eb640-3e58-43c9-9a15-47d92c98120f | L3: False | M3: False | N3: A_E_SELF | O3: NEITHER
A4: 004669a5-428b-4dd6-867c-8421bbb0ba05 | B4: Panic attack | C4: DISEASE | D4: MENTAL_HEALTH | E4: False | F4: True | G4: https://bbl.health/QgkUW3D8Ar | H4: Panic attack | I4: False | J4: 004669a5-428b-4dd6-867c-8421bbb0ba05 | L4: False | M4: False | N4: SELF_CARE | O4: NEITHER
A5: c479ac19-f5b6-5c5d-a1f3-212137e53a8a | B5: Achalasia of oesophagus | C5: DISEASE | D5: GASTROENTEROLOGY_HEPATOLOGY | E5: False | F5: True | G5: https://bbl.health/XcgiRzEcZq | H5: Achalasia of oesophagus | I5: True | J5: e0ef3c11-2964-433c-bb64-b8b4ec15a8b6 | K5: Have you been diagnosed with achalasia of the oesophagus? | L5: False | M5: False | N5: GP | O5: NEITHER
A6: 00aace0c-fb7a-466d-9371-d36cd1cd2aa3 | B6: Exposure to lice or mites | C6: RISK_FACTOR | D6: None | E6: False | F6: True | G6: https://bbl.health/jiXNo61uke | H6: Exposure to lice or mites | I6: False | J6: 00aace0c-fb7a-466d-9371-d36cd1cd2aa3 | K6: Have you recently come into contact with lice or mites? For example from living in close quarters, or sharing clothing or towels with other people. | L6: False | M6: False | N6: None | O6: None
A7: 00be17ce-bd15-48f0-9b35-a5679959a152 | B7: Dietary iodine deficiency | C7: RISK_FACTOR | D7: None | E7: False | F7: True | G7: https://bbl.health/JBLsBKYBZw | H7: Dietary iodine deficiency | I7: False | J7: 00be17ce-bd15-48f0-9b35-a5679959a152 | K7: Is your diet lacking in iodine-rich foods, like seaweed or fish? | L7: False | M7: False | N7: None | O7: None
A8: 01029c68-0a2a-4a0c-872d-10311a774b61 | B8: Epigastric Pain Worse Lying Down | C8: SYMPTOM | D8: None | E8: False | F8: True | G8: https://bbl.health/lcbAguJpZA | H8: Central upper abdominal pain, worse when lying down | I8: False | J8: 01029c68-0a2a-4a0c-872d-10311a774b61 | K8: Is you top-mid abdominal pain worse when lying down? | L8: False | M8: False | N8: None | O8: None
A9: 0143922f-d0c9-42fd-9165-5170996300b9 | B9: Temporomandibular joint-pain-dysfunction syndrome | C9: DISEASE | D9: ENT | E9: False | F9: True | G9: https://bbl.health/dD0Yfhd4FU | H9: TMJ dysfunction | I9: False | J9: 0143922f-d0c9-42fd-9165-5170996300b9 | L9: False | M9: False | N9: GP | O9: NEITHER
A10: 019b0e3a-d932-4694-8014-c4c7615d6191 | B10: No contraceptive precautions (female) | C10: RISK_FACTOR | D10: None | E10: False | F10: True | G10: https://bbl.health/ReB9D1HdeE | H10: No contraceptive precautions | I10: False | J10: 019b0e3a-d932-4694-8014-c4c7615d6191 | K10: Have you had sex in the last 6 months without using condoms and without being covered by another form of reliable contraception which you use effectively? | L10: False | M10: True | N10: None | O10: None
A11: 01e7dc30-406d-40de-8f8e-893cb0fbecad | B11: Retinal artery occlusion | C11: DISEASE | D11: OPHTHALMOLOGY | E11: False | F11: True | G11: https://bbl.health/xstI6_bMju | H11: Retinal artery occlusion | I11: False | J11: 01e7dc30-406d-40de-8f8e-893cb0fbecad | L11: False | M11: False | N11: A_E_SELF | O11: NEITHER
A12: 0250a1f9-1039-45f5-8b99-22b61e906d85 | B12: Benign paroxysmal positional vertigo | C12: DISEASE | D12: ENT | E12: False | F12: True | G12: https://bbl.health/5co4agcN_K | H12: Benign Paroxysmal Positional Vertigo | I12: False | J12: 0250a1f9-1039-45f5-8b99-22b61e906d85 | L12: False | M12: False | N12: GP_URGENT | O12: NEITHER
A13: 029177e2-337b-4a7d-a596-cd4779c6471e | B13: History of panic attacks | C13: RISK_FACTOR | D13: None | E13: False | F13: True | G13: https://bbl.health/wFAKjkGQEI | H13: History of panic attacks | I13: False | J13: 029177e2-337b-4a7d-a596-cd4779c6471e | K13: Have you ever had a panic attack? | L13: False | M13: False | N13: None | O13: None
A14: 02c2d502-49ab-4ce9-89a4-a4bcb51732f1 | B14: Irreducible left lower quadrant abdominal mass | C14: SYMPTOM | D14: None | E14: False | F14: True | G14: https://bbl.health/ygGEiv2TDU | H14: Irreducible mass in left lower part of stomach | I14: False | J14: 02c2d502-49ab-4ce9-89a4-a4bcb51732f1 | K14: Have you noticed a lump or swelling in the left lower part of the stomach which used to come and go but is now stuck out? | L14: True | M14: False | N14: None | O14: None
A15: 02dff1f4-d67a-4e43-85a9-d83eb6259c50 | B15: Constant Right Upper Quadrant Pain | C15: SYMPTOM | D15: None | E15: False | F15: True | G15: https://bbl.health/fQGBE4AHrk | H15: Constant pain in right upper area of stomach | I15: False | J15: 02dff1f4-d67a-4e43-85a9-d83eb6259c50 | K15: Is the pain in the top right of your abdomen there constantly? | L15: False | M15: False | N15: None | O15: None
A16: 03064a04-1a64-46ec-8e0c-3c4f0a85edc6 | B16: FH: Atopy | C16: RISK_FACTOR | D16: None | E16: False | F16: True | G16: https://bbl.health/Orx3x3Cr4H | H16: Family history of allergies | I16: False | J16: 03064a04-1a64-46ec-8e0c-3c4f0a85edc6 | K16: Have either of your parents or any siblings been diagnosed with allergies, asthma, eczema or hay fever? | L16: False | M16: False | N16: None | O16: None
A17: 035d24e1-beff-47e8-92fe-0c9621ac7e74 | B17: Sudden transient loss of vision | C17: SUPER_NODE | D17: None | E17: False | F17: True | G17: https://bbl.health/LxhnPZ-0fa | H17: Temporary loss of vision | I17: False | J17: 035d24e1-beff-47e8-92fe-0c9621ac7e74 | K17: Did you lose your vision temporarily in one or both eyes? | L17: False | M17: True | N17: None | O17: None
A18: 03a12644-a017-4eec-ad0e-e30d13a0d6ba | B18: Lateral epicondyle pain due to movement | C18: SYMPTOM | D18: None | E18: False | F18: True | G18: https://bbl.health/nWIPlx4-l9 | H18: Pain on outer part of elbow when moving | I18: False | J18: 03a12644-a017-4eec-ad0e-e30d13a0d6ba | K18: Do you have pain over the outer aspect of your elbow which is worse with movement? | L18: False | M18: False | N18: None | O18: None
A19: 03af599d-10b1-419d-801c-dd67c63e4ce1 | B19: Sudden Onset Left Upper Quadrant Pain | C19: SYMPTOM | D19: None | E19: False | F19: True | G19: https://bbl.health/wi-gVmtCZ5 | H19: Pain in left upper area of stomach that started suddenly | I19: False | J19: 03af599d-10b1-419d-801c-dd67c63e4ce1 | K19: Did your top left abdominal pain come on suddenly? | L19: False | M19: False | N19: None | O19: None
A20: 03b06810-bb35-43da-a91e-d4100d4fb7d3 | B20: Gynecomastia | C20: SYMPTOM | D20: None | E20: False | F20: True | G20: https://bbl.health/pVolbCroiL | H20: Breast tissue growth | I20: False | J20: 03b06810-bb35-43da-a91e-d4100d4fb7d3 | K20: Does it look like you're developing breasts? | L20: False | M20: True | N20: None | O20: None
A21: 03bfea52-6f3c-491f-affa-e4b59f6d41e7 | B21: Dry skin | C21: SYMPTOM | D21: None | E21: False | F21: True | G21: https://bbl.health/4vGGZeKEFL | H21: Dry skin | I21: False | J21: 03bfea52-6f3c-491f-affa-e4b59f6d41e7 | K21: Have you noticed that your skin is drier than usual? | L21: False | M21: True | N21: None | O21: None
A22: 03e92a60-9e4f-48d0-8fdf-c4c8d8dc759c | B22: Shoulder stiffness after a period of shoulder pain | C22: SYMPTOM | D22: None | E22: False | F22: True | G22: https://bbl.health/2CGWY6T1lv | H22: Shoulder pain followed by stiffness | I22: False | J22: 03e92a60-9e4f-48d0-8fdf-c4c8d8dc759c | K22: Was your shoulder initially painful for a period before becoming stiff? | L22: False | M22: False | N22: None | O22: None
A23: 04025113-3087-41f2-9fec-9eba27670758 | B23: Podoconiosis | C23: DISEASE | D23: MISC | E23: False | F23: True | G23: https://bbl.health/vgju1FliB3 | H23: Nonfilarial elephantiasis | I23: False | J23: 04025113-3087-41f2-9fec-9eba27670758 | L23: False | M23: False | N23: GP_URGENT | O23: NEITHER
A24: 0410b7fa-ddd7-4c7b-b544-2ce95bc2f800 | B24: Unintentional weight loss | C24: SYMPTOM | D24: None | E24: False | F24: True | G24: https://bbl.health/X4MNURoDhw | H24: Unintentional weight loss | I24: False | J24: 0410b7fa-ddd7-4c7b-b544-2ce95bc2f800 | K24: Have you recently lost weight without intending to? | L24: True | M24: True | N24: None | O24: None
A25: 04210e65-22f1-4270-9262-629a263b4027 | B25: Urine consistency frothy | C25: SYMPTOM | D25: None | E25: False | F25: True | G25: https://bbl.health/DaH35h6ENq | H25: Frothy urine | I25: False | J25: 04210e65-22f1-4270-9262-629a263b4027 | K25: Is your urine frothy? | L25: False | M25: True | N25: None | O25: None
A26: 0483d18d-f62d-4c73-9265-b2fc325f5fd7 | B26: Leg pain | C26: SUPER_NODE | D26: None | E26: False | F26: True | G26: https://bbl.health/E0y9z5hwqT | H26: Leg pain | I26: False | J26: 0483d18d-f62d-4c73-9265-b2fc325f5fd7 | K26: Do you have any pain in your leg? | L26: False | M26: True | N26: None | O26: None
A27: 0484c900-1faa-4682-a652-e25f3638fe32 | B27: Personal history of major abdominal surgery | C27: RISK_FACTOR | D27: None | E27: False | F27: True | G27: https://bbl.health/mNjb3pt78- | H27: History of past abdominal surgery | I27: False | J27: 0484c900-1faa-4682-a652-e25f3638fe32 | K27: Have you had abdominal surgery in the past (more than 30 days ago)? | L27: False | M27: False | N27: None | O27: None
A28: 04a3d021-65c7-454e-bef4-c9ab3808c77c | B28: Aching Periumbilical Pain | C28: SYMPTOM | D28: None | E28: False | F28: True | G28: https://bbl.health/sVmtWYAwYC | H28: Aching pain around belly button | I28: False | J28: 04a3d021-65c7-454e-bef4-c9ab3808c77c | K28: Is the pain around your belly button aching in nature? | L28: False | M28: False | N28: None | O28: None
A29: 04c65471-3496-497a-a7d2-2c15f8ca0b4c | B29: Persistent sinus bradycardia | C29: DISEASE | D29: CARDIOLOGY | E29: False | F29: True | G29: https://bbl.health/ifX19JpLYF | H29: Persistent sinus bradycardia | I29: False | J29: 04c65471-3496-497a-a7d2-2c15f8ca0b4c | L29: False | M29: False | N29: GP_URGENT | O29: NEITHER
A30: 04cc7c39-3846-41de-bc46-be574cc2128a | B30: Blistering around mouth | C30: SYMPTOM | D30: None | E30: False | F30: True | G30: https://bbl.health/sCfKdmHdbf | H30: Blisters around mouth | I30: False | J30: 04cc7c39-3846-41de-bc46-be574cc2128a | K30: Have you developed blisters around your mouth? | L30: False | M30: True | N30: None | O30: None
A31: 8b3e98c8-009a-550b-a729-ca778f92ca95 | B31: Addison's disease | C31: DISEASE | D31: ENDOCRINE | E31: False | F31: True | G31: https://bbl.health/XZDIJY8CVH | H31: Addison's disease | I31: True | J31: ddefdccd-dffd-4cd9-a94b-38fba480472f | K31: Have you been diagnosed with Addison's disease? | L31: False | M31: False | N31: GP | O31: NEITHER
A32: 6b6e72a3-8db4-5f2d-a123-38b1ab254815 | B32: Age related macular degeneration | C32: DISEASE | D32: OPHTHALMOLOGY | E32: False | F32: True | G32: https://bbl.health/Rl6D5hEaMG | H32: Age-related Macular Degeneration | I32: True | J32: c588eb39-711e-4562-a0c2-5cbfdfb1fdfe | K32: Have you been diagnosed with macular degeneration? | L32: False | M32: False | N32: GP | O32: NEITHER
A33: 057a6d65-b154-447e-a41b-af687f5009c4 | B33: Lymphedema of lower extremity | C33: DISEASE | D33: GENERAL_SURGERY | E33: False | F33: True | G33: https://bbl.health/f0Ip5rjSZw | H33: Lymphoedema of the leg | I33: False | J33: 057a6d65-b154-447e-a41b-af687f5009c4 | L33: False | M33: False | N33: GP | O33: NEITHER
A34: 0580df85-889d-4bfb-b643-cfc1f2b19cde | B34: Grunting respiration | C34: SYMPTOM | D34: None | E34: False | F34: False | G34: https://bbl.health/xcesKtZHCu | H34: Grunting while breathing | I34: False | J34: 0580df85-889d-4bfb-b643-cfc1f2b19cde | K34: Are you finding breathing difficult to the point you are making a grunting noise while breathing? | L34: False | M34: False | N34: None | O34: None
A35: 05a3a0f6-559d-4ccd-aef1-8484ad4bcc87 | B35: Idiopathic Thrombocytopenic Purpura (ITP) | C35: DISEASE | D35: HAEMATOLOGY | E35: False | F35: True | G35: https://bbl.health/2EdiBbhbB- | H35: Idiopathic Thrombocytopenic Purpura (ITP) | I35: False | J35: 05a3a0f6-559d-4ccd-aef1-8484ad4bcc87 | L35: False | M35: False | N35: GP_URGENT | O35: NEITHER
A36: 06079526-849d-430f-b451-926fff042be1 | B36: Symptoms staying the same | C36: SYMPTOM | D36: None | E36: False | F36: False | G36: https://bbl.health/VLp2s_SqG5 | H36: Symptoms staying the same | I36: False | J36: 06079526-849d-430f-b451-926fff042be1 | K36: Are your symptoms staying the same? | L36: False | M36: False | N36: None | O36: None
A37: 06510181-a035-4ad2-9282-b5e3237b7a1b | B37: Osteoarthritis of wrist | C37: DISEASE | D37: MSK | E37: False | F37: True | G37: https://bbl.health/igbWJMXdtz | H37: Osteoarthritis of wrist | I37: False | J37: 06510181-a035-4ad2-9282-b5e3237b7a1b | L37: False | M37: False | N37: GP | O37: NEITHER
A38: 066145a6-4085-4458-ac5c-1b6db1c9b018 | B38: Bacterial tonsillitis | C38: DISEASE | D38: RESPIRATORY | E38: False | F38: True | G38: https://bbl.health/FL4muki4Kg | H38: Bacterial tonsillitis | I38: False | J38: 066145a6-4085-4458-ac5c-1b6db1c9b018 | L38: False | M38: False | N38: GP_URGENT | O38: NEITHER
A39: 068d276c-287b-4940-87ae-8d38d0da7f4e | B39: Warm red skin of nose | C39: SYMPTOM | D39: None | E39: False | F39: False | G39: https://bbl.health/2pBzUzDrBN | H39: Warm red skin of nose | I39: False | J39: 068d276c-287b-4940-87ae-8d38d0da7f4e | K39: Is the skin on your nose red and warm? | L39: False | M39: False | N39: None | O39: None
A40: 06db6a75-23f7-47db-ae52-0f191acc780e | B40: Dry Mouth | C40: SYMPTOM | D40: None | E40: False | F40: True | G40: https://bbl.health/LNbuZOzirF | H40: Dry mouth | I40: False | J40: 06db6a75-23f7-47db-ae52-0f191acc780e | K40: Is your mouth much drier than usual? | L40: False | M40: True | N40: None | O40: None
A41: 06e39873-fc6a-462b-ae35-a73ff5b0030b | B41: Discharge from skin ulcer | C41: SYMPTOM | D41: None | E41: False | F41: True | G41: https://bbl.health/_QXHzLjEru | H41: Discharge from skin ulcer | I41: False | J41: 06e39873-fc6a-462b-ae35-a73ff5b0030b | K41: Do you have a skin sore which is discharging/leaking? | L41: False | M41: True | N41: None | O41: None
A42: 1cac3678-3cac-5857-bad4-8252d5e56f86 | B42: Allergic Rhinitis | C42: DISEASE | D42: ENT | E42: False | F42: True | G42: https://bbl.health/OgUXdyHJsh | H42: Allergic rhinitis | I42: True | J42: 3b054648-06f6-4654-a071-f4fa93acaaeb | K42: Have you been diagnosed with hay fever, dust or fur allergies? | L42: False | M42: False | N42: PHARMACY | O42: NEITHER
A43: 07315fc6-8539-4760-9f86-ba885233b9a7 | B43: nasal itching | C43: SYMPTOM | D43: None | E43: False | F43: True | G43: https://bbl.health/zleRMCasl2 | H43: Itchy nose | I43: False | J43: 07315fc6-8539-4760-9f86-ba885233b9a7 | K43: Is your nose itchy? | L43: False | M43: True | N43: None | O43: None
A44: 073fe57d-6808-4719-a800-ed973e82e3f5 | B44: Gradual onset eye pain (bilateral) | C44: SYMPTOM | D44: None | E44: False | F44: True | G44: https://bbl.health/F544OP8mc3 | H44: Pain in both eyes that started gradually | I44: False | J44: 073fe57d-6808-4719-a800-ed973e82e3f5 | K44: Do you have pain in both eyes? | L44: False | M44: False | N44: None | O44: None
A45: e333b1fe-3a32-5cf2-8498-12cd1a281ae9 | B45: Alpha thalassemia | C45: DISEASE | D45: ONLY_AS_RISK_FACTOR | E45: False | F45: True | G45: https://bbl.health/risp-1HaxR | H45: Alpha thalassemia | I45: True | J45: 6c7f5d38-7cc3-4cf1-8d50-26b54c3ea90b | K45: Have you been diagnosed with alpha thalassaemia? | L45: False | M45: False | N45: GP | O45: NEITHER
A46: 07b5c74a-a586-4e07-901f-94f69b2f7ea3 | B46: Vomit contains fresh blood | C46: SYMPTOM | D46: None | E46: False | F46: True | G46: https://bbl.health/-IPaQOMQIB | H46: Fresh blood in vomit | I46: False | J46: 07b5c74a-a586-4e07-901f-94f69b2f7ea3 | K46: Have you noticed any streaks of blood in your vomit? | L46: True | M46: False | N46: None | O46: None
A47: 07b625b9-8663-4930-93fd-b0e99e9eb644 | B47: upper gastrointestinal bleed | C47: DISEASE | D47: GASTROENTEROLOGY_HEPATOLOGY | E47: False | F47: True | G47: https://bbl.health/8CBYT7bwU2 | H47: Bleeding from the upper part of the gut | I47: False | J47: 07b625b9-8663-4930-93fd-b0e99e9eb644 | L47: False | M47: False | N47: A_E_BLUE | O47: NEITHER
A48: 08157803-7cfb-4384-ac1c-4fcf7583ad77 | B48: Photophobia (unilateral) | C48: SYMPTOM | D48: None | E48: False | F48: True | G48: https://bbl.health/Cg_MtCGs9n | H48: Sensitivity to bright light in one eye only | I48: False | J48: 08157803-7cfb-4384-ac1c-4fcf7583ad77 | K48: Does bright light hurt one of your eyes only? | L48: False | M48: False | N48: None | O48: None
A49: 0859598b-ef1a-4d8c-9065-f3a0b881dbbc | B49: Symptom lasts between 24 and 48 hours | C49: SYMPTOM | D49: None | E49: False | F49: False | G49: https://bbl.health/d97MNq_gRj | H49: Symptom lasts between 24 and 48 hours | I49: False | J49: 0859598b-ef1a-4d8c-9065-f3a0b881dbbc | K49: Have your symptoms lasted between 24 and 48 hours? | L49: False | M49: False | N49: None | O49: None
A50: 087fa7ff-e2f8-421f-a7d9-635831a2cda0 | B50: Low back pain | C50: SUPER_NODE | D50: None | E50: False | F50: True | G50: https://bbl.health/mPLg3kYjHR | H50: Lower back pain | I50: False | J50: 087fa7ff-e2f8-421f-a7d9-635831a2cda0 | K50: Do you have pain in your lower back? | L50: False | M50: True | N50: None | O50: None
A51: 08861b49-08bd-40dc-9cdb-6e77332f1487 | B51: Disturbance in mood | C51: SUPER_NODE | D51: None | E51: False | F51: True | G51: https://bbl.health/B1nm3ubdBm | H51: Change in mood | I51: False | J51: 08861b49-08bd-40dc-9cdb-6e77332f1487 | K51: Have you noticed any unusual changes in your mood recently? | L51: False | M51: True | N51: None | O51: None
A52: 088b1075-9c47-4672-9c02-0ba22032b5c7 | B52: Stabbing Periumbilical pain | C52: SYMPTOM | D52: None | E52: False | F52: True | G52: https://bbl.health/bz-0A2TwEL | H52: Stabbing pain around belly button | I52: False | J52: 088b1075-9c47-4672-9c02-0ba22032b5c7 | K52: Is the pain around your belly button stabbing in nature? | L52: False | M52: False | N52: None | O52: None
A53: 08b16153-7aba-411f-9fee-9b4a06415e34 | B53: Reduced fluid intake by more than half of normal | C53: RISK_FACTOR | D53: None | E53: False | F53: False | G53: https://bbl.health/IAhtPYTSHs | H53: Reduced fluid intake by more than half of normal | I53: False | J53: 08b16153-7aba-411f-9fee-9b4a06415e34 | K53: Are you drinking less than half of your usual fluid intake? | L53: False | M53: False | N53: None | O53: None
A54: 08bcdb2c-d235-471d-a7b9-a7b2b90c5199 | B54: Aching Epigastric Pain | C54: SYMPTOM | D54: None | E54: False | F54: True | G54: https://bbl.health/jzYfjtMgXH | H54: Aching pain in top and centre of tummy | I54: False | J54: 08bcdb2c-d235-471d-a7b9-a7b2b90c5199 | K54: Is the pain in the top-middle of you abdomen aching in nature? | L54: False | M54: False | N54: None | O54: None
A55: 08c411ba-0b68-49ee-b555-0ad258abaacc | B55: FH: Ankylosing spondylitis | C55: RISK_FACTOR | D55: None | E55: False | F55: True | G55: https://bbl.health/l6sADm5LBN | H55: Family history of ankylosing spondylitis | I55: False | J55: 08c411ba-0b68-49ee-b555-0ad258abaacc | K55: Have either of your parents, or any siblings, ever been diagnosed with ankylosing spondylitis? | L55: False | M55: False | N55: None | O55: None
A56: 08c55e44-ffa1-4c09-ba92-f2b500d31612 | B56: Gritty eye (unilateral) | C56: SYMPTOM | D56: None | E56: False | F56: True | G56: https://bbl.health/tscNXbN27a | H56: Feeling of grit in one eye | I56: False | J56: 08c55e44-ffa1-4c09-ba92-f2b500d31612 | K56: Does it feel like you have grit in one of your eyes? | L56: False | M56: False | N56: None | O56: None
A57: 08cee04b-649a-4a04-916a-b4a80252eabc | B57: Constant Left Lower Quadrant Pain | C57: SYMPTOM | D57: None | E57: False | F57: True | G57: https://bbl.health/Mio9BBdcIs | H57: Constant pain in left lower area of stomach | I57: False | J57: 08cee04b-649a-4a04-916a-b4a80252eabc | K57: Is the pain in your left lower abdomen there constantly? | L57: False | M57: False | N57: None | O57: None
A58: be73daca-9da2-5ab6-a847-0ba95018b261 | B58: Ankylosing spondylitis | C58: DISEASE | D58: MSK | E58: False | F58: True | G58: https://bbl.health/bNL9Uczkj5 | H58: Ankylosing spondylitis | I58: True | J58: 69f1790b-96ca-4fa9-bd98-2712e5693e19 | K58: Have you been diagnosed with ankylosing spondylitis? | L58: False | M58: False | N58: GP | O58: NEITHER
A59: 5ca11b25-b3f0-5d75-9b60-b38fdf51d1f3 | B59: Aortic valve stenosis | C59: DISEASE | D59: CARDIOLOGY | E59: False | F59: True | G59: https://bbl.health/l3jkBzd3X5 | H59: Aortic stenosis | I59: True | J59: e55f4b2b-f12b-404f-b17a-66ed331739a9 | K59: Have you been diagnosed with aortic valve stenosis? | L59: False | M59: False | N59: GP_URGENT | O59: NEITHER
... A65: 7be85332-577f-56f5-9d5d-9fdef735d61b | B65: Asthma | C65: DISEASE | D65: RESPIRATORY | E65: False | F65: True | G65: https://bbl.health/-1cQOgQFQg | H65: Asthma | I65: True | J65: ab90d057-90db-46fe-b8da-1ccd2268023e | K65: Have you been diagnosed with asthma? | L65: False | M65: False | N65: GP | O65: NEITHER
A66: 098c10ed-b89c-42e9-a0a0-518217da4b94 | B66: Chikungunya | C66: DISEASE | D66: MISC | E66: False | F66: True | G66: https://bbl.health/doqlKxOm0x | H66: Chikungunya | I66: False | J66: 098c10ed-b89c-42e9-a0a0-518217da4b94 | L66: False | M66: False | N66: GP_URGENT | O66: NEITHER
A67: 09b87963-4fcf-4015-a059-6bdd87c6c1f0 | B67: Family history of psoriasis with arthropathy | C67: RISK_FACTOR | D67: None | E67: False | F67: True | G67: https://bbl.health/KdhXlldG7l | H67: Family history of psoriatic arthritis | I67: False | J67: 09b87963-4fcf-4015-a059-6bdd87c6c1f0 | K67: Have either of your parents, or any siblings, ever been diagnosed with psoriatic arthritis? | L67: False | M67: False | N67: None | O67: None
A68: 09be35c8-3c60-4785-8fed-c251f72f9be3 | B68: Peau d'orange surface of breast | C68: SYMPTOM | D68: None | E68: False | F68: True | G68: https://bbl.health/aYBBD28jeL | H68: Dimpled skin on breast | I68: False | J68: 09be35c8-3c60-4785-8fed-c251f72f9be3 | K68: Do you have new dimpling of the skin, similar to the skin of an orange on either breast? | L68: True | M68: True | N68: None | O68: None
A69: 09c0038e-843e-483c-9d34-bf96bb30bd44 | B69: Ankle joint deformity | C69: SYMPTOM | D69: None | E69: False | F69: True | G69: https://bbl.health/byFubAgFSm | H69: Ankle joint deformity | I69: False | J69: 09c0038e-843e-483c-9d34-bf96bb30bd44 | K69: Does your ankle look visibly out of place or a different shape? | L69: False | M69: True | N69: None | O69: None
A70: 09c4ddc3-8014-4cb0-a8dc-aa21e30de918 | B70: Left lower quadrant pain | C70: SUPER_NODE | D70: None | E70: False | F70: True | G70: https://bbl.health/yCFZX3KMN6 | H70: Pain in left lower part of the abdomen | I70: False | J70: 09c4ddc3-8014-4cb0-a8dc-aa21e30de918 | K70: Is the pain in the lower left part of your abdomen? | L70: False | M70: False | N70: None | O70: None
A71: 09cf7b8a-8fbf-4088-98a6-1b75d14effad | B71: Serous nipple discharge (unisex) | C71: SYMPTOM | D71: None | E71: False | F71: False | G71: https://bbl.health/hXQPWxkhMT | H71: Watery nipple discharge | I71: False | J71: 09cf7b8a-8fbf-4088-98a6-1b75d14effad | K71: Do you have watery or pale clear discharge from your nipple? | L71: False | M71: False | N71: None | O71: None
A72: 09e8fb93-b92f-4aaf-8eff-8d87660da0d7 | B72: Numbness of hand | C72: SYMPTOM | D72: None | E72: False | F72: True | G72: https://bbl.health/d0Z0Ld9vgn | H72: Numbness in hand | I72: False | J72: 09e8fb93-b92f-4aaf-8eff-8d87660da0d7 | K72: Have you noticed any numbness in one or both hands? | L72: True | M72: True | N72: None | O72: None
A73: 0a11166a-6649-4718-81b4-df4ef69f1168 | B73: Laryngitis | C73: DISEASE | D73: ENT | E73: False | F73: True | G73: https://bbl.health/HzYJz5SJBW | H73: Inflammation of the voice box | I73: False | J73: 0a11166a-6649-4718-81b4-df4ef69f1168 | L73: False | M73: False | N73: PHARMACY | O73: NEITHER
A74: 0a50cc29-aef6-4afe-ba66-d8b5438a05b6 | B74: Right lower quadrant abdominal mass | C74: SYMPTOM | D74: None | E74: False | F74: True | G74: https://bbl.health/_7CrUNe9hv | H74: Mass in the lower right area of abdomen | I74: False | J74: 0a50cc29-aef6-4afe-ba66-d8b5438a05b6 | K74: Have you noticed a lump or swelling in the lower right area of your abdomen? | L74: False | M74: False | N74: None | O74: None
A75: 0a92c376-70ba-4255-b46c-134e63469954 | B75: Chest Pain Radiating to Left Arm | C75: SYMPTOM | D75: None | E75: False | F75: True | G75: https://bbl.health/IMYh_a3fKg | H75: Chest pain radiating to left arm | I75: False | J75: 0a92c376-70ba-4255-b46c-134e63469954 | K75: Does the chest pain travel to your left arm? | L75: True | M75: False | N75: None | O75: None
A76: 0aaff3c3-69a3-48d6-a1d3-87119e75808a | B76: Delusions | C76: SYMPTOM | D76: None | E76: False | F76: True | G76: https://bbl.health/E3JaSD2aAm | H76: Delusions | I76: False | J76: 0aaff3c3-69a3-48d6-a1d3-87119e75808a | K76: Have you had thoughts that radio, street signs, or television programmes are addressed to you? Or that someone or something else is controlling your thoughts, watching or monitoring you or is out to get you? | L76: False | M76: True | N76: None | O76: None
A77: 46826e33-fcae-5193-952b-aac43bc34c72 | B77: Atrial fibrillation and flutter | C77: DISEASE | D77: CARDIOLOGY | E77: False | F77: True | G77: https://bbl.health/i7higCpSji | H77: Atrial fibrillation and flutter | I77: True | J77: fc60af58-17aa-4e82-b282-c41f3c3c1cae | K77: Have you been diagnosed with atrial fibrillation or atrial flutter? | L77: False | M77: False | N77: GP_URGENT | O77: NEITHER
A78: 0ae2e584-54a5-4406-864b-ab64f394727f | B78: Facial swelling | C78: SYMPTOM | D78: None | E78: False | F78: True | G78: https://bbl.health/vxXBCBT1wn | H78: Facial swelling | I78: False | J78: 0ae2e584-54a5-4406-864b-ab64f394727f | K78: Does any part of your face look swollen? | L78: False | M78: True | N78: None | O78: None
A79: 0af03be8-6be5-4171-bacb-a7d0474a3494 | B79: History of vaginal delivery | C79: RISK_FACTOR | D79: None | E79: False | F79: True | G79: https://bbl.health/ZoTD70WdQV | H79: Previous vaginal delivery | I79: False | J79: 0af03be8-6be5-4171-bacb-a7d0474a3494 | K79: Have you given birth by vaginal delivery? | L79: False | M79: False | N79: None | O79: None
A80: 0afdf260-038e-425a-aa38-2339e3d0603b | B80: Lump on one eyelid | C80: SYMPTOM | D80: None | E80: False | F80: True | G80: https://bbl.health/5pTZI5RRxz | H80: Lump on one eyelid | I80: False | J80: 0afdf260-038e-425a-aa38-2339e3d0603b | K80: Is there a lump on one of your eyelids? | L80: False | M80: False | N80: None | O80: None
A81: 0b23107e-ca36-45ea-8603-80cbac39501a | B81: Swelling of breast | C81: SYMPTOM | D81: None | E81: False | F81: True | G81: https://bbl.health/vZZ8BPgaEE | H81: Breast swelling | I81: False | J81: 0b23107e-ca36-45ea-8603-80cbac39501a | K81: Do either one or both of your breasts appear or feel swollen? | L81: False | M81: True | N81: None | O81: None
A82: 0b52cd73-0adf-41e8-a327-d777133e72ac | B82: White patches on oral mucosa | C82: SYMPTOM | D82: None | E82: False | F82: True | G82: https://bbl.health/zlifMv5isz | H82: White patches in mouth | I82: False | J82: 0b52cd73-0adf-41e8-a327-d777133e72ac | K82: Are there white patches inside your mouth? | L82: True | M82: True | N82: None | O82: None
A83: 0b76a8b9-7ecd-4b73-b503-95af0dd20d97 | B83: Bite of insect | C83: SYMPTOM | D83: None | E83: False | F83: False | G83: https://bbl.health/4KTrWFNDHe | H83: Insect bite or sting | I83: False | J83: 0b76a8b9-7ecd-4b73-b503-95af0dd20d97 | K83: Have you been bitten or stung by an insect recently? | L83: False | M83: True | N83: None | O83: None
A84: 0b7a9ed6-feb6-4f2a-9125-404e9333f76f | B84: Globus pharyngeus | C84: DISEASE | D84: ENT | E84: False | F84: True | G84: https://bbl.health/ogF-Cc6Xv6 | H84: Globus pharyngeus | I84: False | J84: 0b7a9ed6-feb6-4f2a-9125-404e9333f76f | L84: False | M84: False | N84: SELF_CARE | O84: NEITHER
A85: 0bb24759-40bd-4056-8efb-53f154345cb9 | B85: Elbow tenderness | C85: SYMPTOM | D85: None | E85: False | F85: True | G85: https://bbl.health/wecVU0NWl8 | H85: Pain in elbow from pressure | I85: False | J85: 0bb24759-40bd-4056-8efb-53f154345cb9 | K85: Do you have pain in your elbow when you put pressure on it or lean on it? | L85: False | M85: False | N85: None | O85: None
A86: 0c302902-c97b-41be-a2b9-5087822d6e8e | B86: Tongue Swelling | C86: SYMPTOM | D86: None | E86: False | F86: True | G86: https://bbl.health/sxKzkl9ZKx | H86: Tongue swelling | I86: False | J86: 0c302902-c97b-41be-a2b9-5087822d6e8e | K86: Do you have any swelling of your mouth or tongue? | L86: True | M86: True | N86: None | O86: None
A87: 0c3390db-5d0c-4fcf-af53-fdd2df5b306a | B87: Lateral epicondyle pain radiating to forearm | C87: SYMPTOM | D87: None | E87: False | F87: True | G87: https://bbl.health/OUrGtY4UP2 | H87: Pain on outer part of elbow moving to forearm | I87: False | J87: 0c3390db-5d0c-4fcf-af53-fdd2df5b306a | K87: Do you have pain over the outer aspect of your elbow which spreads down your forearm? | L87: False | M87: False | N87: None | O87: None
A88: 0c64c498-1da3-48fe-a99e-7a34832b5a24 | B88: Ascending cholangitis | C88: DISEASE | D88: GASTROENTEROLOGY_HEPATOLOGY | E88: False | F88: True | G88: https://bbl.health/uLwdd0-JcW | H88: Ascending cholangitis | I88: False | J88: 0c64c498-1da3-48fe-a99e-7a34832b5a24 | L88: False | M88: False | N88: A_E_SELF | O88: NEITHER
A89: 0cc18a87-12e9-4a39-b156-05a598d3c398 | B89: Temporal arteritis | C89: DISEASE | D89: NEUROLOGY | E89: False | F89: True | G89: https://bbl.health/5VWE3FOmG6 | H89: Temporal arteritis | I89: False | J89: 0cc18a87-12e9-4a39-b156-05a598d3c398 | L89: False | M89: False | N89: GP_URGENT | O89: NEITHER
A90: 0cf65e7a-0477-4843-97ec-10e5acf1353f | B90: Pain in buttock | C90: SYMPTOM | D90: None | E90: False | F90: True | G90: https://bbl.health/KW45u_TKos | H90: Pain in Buttock | I90: False | J90: 0cf65e7a-0477-4843-97ec-10e5acf1353f | K90: Do you have any pain in your buttocks? | L90: False | M90: True | N90: None | O90: None
A91: 0d018fe7-d1a7-4774-8526-e694be28f452 | B91: Photopsia | C91: SUPER_NODE | D91: None | E91: False | F91: True | G91: https://bbl.health/gFRfUdC5hc | H91: Seeing flashes of light | I91: False | J91: 0d018fe7-d1a7-4774-8526-e694be28f452 | K91: Are you seeing flashing lights? | L91: False | M91: True | N91: None | O91: None
A92: 0dd47ffe-f7c7-451b-bde9-8cbb1da689ed | B92: Early satiety | C92: SYMPTOM | D92: None | E92: False | F92: True | G92: https://bbl.health/Yj8wkPVAnM | H92: Feeling full quickly when eating | I92: False | J92: 0dd47ffe-f7c7-451b-bde9-8cbb1da689ed | K92: Do you feel full sooner than usual or with smaller amounts or food? | L92: False | M92: True | N92: None | O92: None
A93: 0e0772ad-7e3b-4833-a3e6-a7d333f1f5c8 | B93: Blood disorder | C93: RISK_FACTOR | D93: None | E93: False | F93: False | G93: https://bbl.health/B1ErY9HPLC | H93: Blood disorder | I93: False | J93: 0e0772ad-7e3b-4833-a3e6-a7d333f1f5c8 | K93: Have you ever been diagnosed with a blood disorder. Examples include thalassemia and sickle cell disease. | L93: False | M93: False | N93: None | O93: None
A94: 0e0e2643-91af-4e81-8e7d-7b3dc7ff9582 | B94: Irreducible central abdominal mass | C94: SYMPTOM | D94: None | E94: False | F94: True | G94: https://bbl.health/Er4_eJWJTJ | H94: Irreducible central abdominal mass | I94: False | J94: 0e0e2643-91af-4e81-8e7d-7b3dc7ff9582 | K94: Have you noticed a lump or swelling in the middle of your stomach which used to come and go but is now stuck out? | L94: True | M94: False | N94: None | O94: None
A95: 0e5b4ff0-031f-43ac-8814-1393653ffa8d | B95: Otitis media | C95: DISEASE | D95: ENT | E95: False | F95: True | G95: https://bbl.health/V2wKWIaGLW | H95: Otitis media | I95: False | J95: 0e5b4ff0-031f-43ac-8814-1393653ffa8d | L95: False | M95: False | N95: GP_URGENT | O95: NEITHER
A96: 0e62c068-f29e-4d29-a5dd-382e7fd1b3a7 | B96: Suprapubic pain | C96: SUPER_NODE | D96: None | E96: False | F96: True | G96: https://bbl.health/irvTY9ALcM | H96: Lower and central tummy pain | I96: False | J96: 0e62c068-f29e-4d29-a5dd-382e7fd1b3a7 | K96: Is the pain just above your bladder, low down in your tummy? | L96: False | M96: False | N96: None | O96: None
A97: 0e7faf20-6073-49ce-a037-1b7eeb443117 | B97: Hard stool | C97: SYMPTOM | D97: None | E97: False | F97: True | G97: https://bbl.health/pm_m10aSsV | H97: Hard stool | I97: False | J97: 0e7faf20-6073-49ce-a037-1b7eeb443117 | K97: Is your stool very hard? | L97: False | M97: True | N97: None | O97: None
A98: 5bb80899-88db-5e37-a681-5c267d058284 | B98: Benign prostatic hyperplasia | C98: DISEASE | D98: UROLOGY | E98: False | F98: True | G98: https://bbl.health/xqMQ3oshh_ | H98: Benign Prostatic Hyperplasia | I98: True | J98: a091a64d-d446-4927-afae-2a2ae265a4d0 | K98: Have you been diagnosed with benign prostatic hyperplasia (BPH)? | L98: False | M98: False | N98: GP | O98: NEITHER
A99: 0ea14aad-521d-4e00-980f-7ab7564b3d05 | B99: Furuncle | C99: SYMPTOM | D99: None | E99: False | F99: False | G99: https://bbl.health/I8GgrT1pIw | H99: Boil | I99: False | J99: 0ea14aad-521d-4e00-980f-7ab7564b3d05 | K99: Do you have a painful boil on your skin? | L99: False | M99: True | N99: None | O99: None
A100: 0ee23def-080c-498c-b079-7355420bbc75 | B100: Fracture of pelvis | C100: DISEASE | D100: MSK | E100: False | F100: True | G100: https://bbl.health/a8aXXUsBoZ | H100: Fracture of pelvic bone | I100: False | J100: 0ee23def-080c-498c-b079-7355420bbc75 | L100: False | M100: False | N100: A_E_BLUE | O100: ACUTE
A101: 0eea4e9d-6281-40c0-9942-b78aabdade01 | B101: Burning Right Upper Quadrant Pain | C101: SYMPTOM | D101: None | E101: False | F101: True | G101: https://bbl.health/OmCrMO5-qm | H101: Burning pain in right upper area of stomach | I101: False | J101: 0eea4e9d-6281-40c0-9942-b78aabdade01 | K101: Is your right upper abdominal pain burning in nature? | L101: False | M101: False | N101: None | O101: None
A102: 0f0772fd-ea79-43f8-ae47-411b107f1f2c | B102: Intermittent Generalized Abdominal Pain | C102: SYMPTOM | D102: None | E102: False | F102: True | G102: https://bbl.health/XbBw73RHzJ | H102: Intermittent pain all over stomach | I102: False | J102: 0f0772fd-ea79-43f8-ae47-411b107f1f2c | K102: Does the pain all over your abdomen come and go? | L102: False | M102: False | N102: None | O102: None
A103: 0f0c86a2-0729-47e8-9761-6d7cc17e7838 | B103: Constant Epigastric Pain | C103: SYMPTOM | D103: None | E103: False | F103: True | G103: https://bbl.health/H1pflOewtL | H103: Constant pain in central upper region of stomach | I103: False | J103: 0f0c86a2-0729-47e8-9761-6d7cc17e7838 | K103: Is the pain in your top-mid abdomen there constantly? | L103: False | M103: False | N103: None | O103: None
A104: 0f0e6f0b-a6d9-4b3b-a65e-282739673f7d | B104: Anal skin tag | C104: DISEASE | D104: GASTROENTEROLOGY_HEPATOLOGY | E104: False | F104: True | G104: https://bbl.health/NItCEfN6h7 | H104: Anal skin tag | I104: False | J104: 0f0e6f0b-a6d9-4b3b-a65e-282739673f7d | L104: False | M104: False | N104: SELF_CARE | O104: NEITHER
A105: 0f0fd3d5-ebb8-4478-a4b8-563e9513f249 | B105: Bilateral tinnitus | C105: SYMPTOM | D105: None | E105: False | F105: True | G105: https://bbl.health/fbREtDJbC0 | H105: Ringing in both ears | I105: False | J105: 0f0fd3d5-ebb8-4478-a4b8-563e9513f249 | K105: Is the ringing in both your ears? | L105: True | M105: False | N105: None | O105: None
...

Sheet concept_synonyms_oct152021
A1: node_id | B1: name | C1: synonym
A2: 001fa650-28b0-49a1-b36d-76503257d798 | B2: Pain in penis | C2: Pain in penis
A3: 001fa650-28b0-49a1-b36d-76503257d798 | B3: Pain in penis | C3: penile pain
A4: 001fa650-28b0-49a1-b36d-76503257d798 | B4: Pain in penis | C4: penis hurts
A5: 001fa650-28b0-49a1-b36d-76503257d798 | B5: Pain in penis | C5: sore penis
A6: 001fa650-28b0-49a1-b36d-76503257d798 | B6: Pain in penis | C6: penis pain
A7: 001fa650-28b0-49a1-b36d-76503257d798 | B7: Pain in penis | C7: painful penis
A8: 001fa650-28b0-49a1-b36d-76503257d798 | B8: Pain in penis | C8: pain in urethra
A9: 019b0e3a-d932-4694-8014-c4c7615d6191 | B9: No contraceptive precautions (female) | C9: Unprotected sex
A10: 019b0e3a-d932-4694-8014-c4c7615d6191 | B10: No contraceptive precautions (female) | C10: Sex without contraception
A11: 019b0e3a-d932-4694-8014-c4c7615d6191 | B11: No contraceptive precautions (female) | C11: Sex without condom
A12: 035d24e1-beff-47e8-92fe-0c9621ac7e74 | B12: Sudden transient loss of vision | C12: Temporary blindness
... A1782: ff3d434f-7ae5-41f4-a974-5ad2c53b16b8 | B1782: Cannot get an erection | C1782: can not get an erection

Sheet flows_oct152021
A1: flow_route_id | B1: concept_id | C1: concept name | D1: flow_intention | E1: apply_to_sex | F1: flow_purpose | G1: flow_id | H1: flow_type | I1: flow_name | J1: apply_to_ages | K1: region | L1: Adult (18+) | M1: Child (<16)
A2: 003ab230-ec61-4861-8f0f-8863c41cb7fa | B2: 6ad11405-d35a-45a8-add5-5222718a09fd | C2: =if($B2="","",vlookup($B2,concepts_oct152021_old!$A:$B,2,false)) -> #REF! | D2: TRIAGE_AND_POSSIBLE_CONDITIONS | E2: UNISEX | F2: TRIAGE_AND_POSSIBLE_CONDITIONS | G2: cough | H2: FLOWBASE_TRIAGE_AND_POSSIBLE_CONDITIONS | I2: cough | J2: {'lt': 16, 'gte': 15} | K2: all | L2: =iferror(search("'gte': 18",J2)>0,FALSE) -> FALSE | M2: =or(iferror(search("'lt': 5",J2)>0,FALSE),iferror(search("13",J2)>0,FALSE),iferror(search("'gte': 15",J2)>0,FALSE)) -> TRUE
A3: 003ab230-ec61-4861-8f0f-8863c41cb7fa | B3: 6ad11405-d35a-45a8-add5-5222718a09fd | C3: =if($B3="","",vlookup($B3,concepts_oct152021_old!$A:$B,2,false)) -> #REF! | D3: TRIAGE_AND_POSSIBLE_CONDITIONS | E3: UNISEX | F3: TRIAGE_AND_POSSIBLE_CONDITIONS | G3: cough | H3: FLOWBASE_TRIAGE_AND_POSSIBLE_CONDITIONS | I3: cough | J3: {'lt': 18, 'gte': 16} | K3: all | L3: =iferror(search("'gte': 18",J3)>0,FALSE) -> FALSE | M3: =or(iferror(search("'lt': 5",J3)>0,FALSE),iferror(search("13",J3)>0,FALSE),iferror(search("'gte': 15",J3)>0,FALSE)) -> FALSE
A4: 003ab230-ec61-4861-8f0f-8863c41cb7fa | B4: 6ad11405-d35a-45a8-add5-5222718a09fd | C4: =if($B4="","",vlookup($B4,concepts_oct152021_old!$A:$B,2,false)) -> #REF! | D4: TRIAGE_AND_POSSIBLE_CONDITIONS | E4: UNISEX | F4: TRIAGE_AND_POSSIBLE_CONDITIONS | G4: cough | H4: FLOWBASE_TRIAGE_AND_POSSIBLE_CONDITIONS | I4: cough | J4: {'gte': 18} | K4: all | L4: =iferror(search("'gte': 18",J4)>0,FALSE) -> TRUE | M4: =or(iferror(search("'lt': 5",J4)>0,FALSE),iferror(search("13",J4)>0,FALSE),iferror(search("'gte': 15",J4)>0,FALSE)) -> FALSE
A5: 007ce8d6-1f25-42d8-8365-b79850ca71ff | B5: 8ee65c3b-0f21-40a9-a51e-f4637f8b152d | C5: =if($B5="","",vlookup($B5,concepts_oct152021_old!$A:$B,2,false)) -> #REF! | D5: TRIAGE | E5: UNISEX | F5: TRIAGE | G5: Hand | H5: CHECKBASE | I5: Hand | J5: {'lt': 5.0, 'gte': 0.0} | K5: all | L5: =iferror(search("'gte': 18",J5)>0,FALSE) -> FALSE | M5: =or(iferror(search("'lt': 5",J5)>0,FALSE),iferror(search("13",J5)>0,FALSE),iferror(search("'gte': 15",J5)>0,FALSE)) -> TRUE
A6: 007ce8d6-1f25-42d8-8365-b79850ca71ff | B6: 8ee65c3b-0f21-40a9-a51e-f4637f8b152d | C6: =if($B6="","",vlookup($B6,concepts_oct152021_old!$A:$B,2,false)) -> #REF! | D6: TRIAGE | E6: UNISEX | F6: TRIAGE | G6: Hand | H6: CHECKBASE | I6: Hand | J6: {'lt': 13.0, 'gte': 5.0} | K6: all | L6: =iferror(search("'gte': 18",J6)>0,FALSE) -> FALSE | M6: =or(iferror(search("'lt': 5",J6)>0,FALSE),iferror(search("13",J6)>0,FALSE),iferror(search("'gte': 15",J6)>0,FALSE)) -> TRUE
A7: 007ce8d6-1f25-42d8-8365-b79850ca71ff | B7: 8ee65c3b-0f21-40a9-a51e-f4637f8b152d | C7: =if($B7="","",vlookup($B7,concepts_oct152021_old!$A:$B,2,false)) -> #REF! | D7: TRIAGE | E7: UNISEX | F7: TRIAGE | G7: Hand | H7: CHECKBASE | I7: Hand | J7: {'lt': 15.0, 'gte': 13.0} | K7: all | L7: =iferror(search("'gte': 18",J7)>0,FALSE) -> FALSE | M7: =or(iferror(search("'lt': 5",J7)>0,FALSE),iferror(search("13",J7)>0,FALSE),iferror(search("'gte': 15",J7)>0,FALSE)) -> TRUE
A8: 007ce8d6-1f25-42d8-8365-b79850ca71ff | B8: 8ee65c3b-0f21-40a9-a51e-f4637f8b152d | C8: =if($B8="","",vlookup($B8,concepts_oct152021_old!$A:$B,2,false)) -> #REF! | D8: TRIAGE | E8: UNISEX | F8: TRIAGE | G8: Hand | H8: CHECKBASE | I8: Hand | J8: {'lt': 16.0, 'gte': 15.0} | K8: all | L8: =iferror(search("'gte': 18",J8)>0,FALSE) -> FALSE | M8: =or(iferror(search("'lt': 5",J8)>0,FALSE),iferror(search("13",J8)>0,FALSE),iferror(search("'gte': 15",J8)>0,FALSE)) -> TRUE
A9: 007ce8d6-1f25-42d8-8365-b79850ca71ff | B9: 8ee65c3b-0f21-40a9-a51e-f4637f8b152d | C9: =if($B9="","",vlookup($B9,concepts_oct152021_old!$A:$B,2,false)) -> #REF! | D9: TRIAGE | E9: UNISEX | F9: TRIAGE | G9: Hand | H9: CHECKBASE | I9: Hand | J9: {'lt': 18.0, 'gte': 16.0} | K9: all | L9: =iferror(search("'gte': 18",J9)>0,FALSE) -> FALSE | M9: =or(iferror(search("'lt': 5",J9)>0,FALSE),iferror(search("13",J9)>0,FALSE),iferror(search("'gte': 15",J9)>0,FALSE)) -> FALSE
A10: 007ce8d6-1f25-42d8-8365-b79850ca71ff | B10: 8ee65c3b-0f21-40a9-a51e-f4637f8b152d | C10: =if($B10="","",vlookup($B10,concepts_oct152021_old!$A:$B,2,false)) -> #REF! | D10: TRIAGE | E10: UNISEX | F10: TRIAGE | G10: Hand | H10: CHECKBASE | I10: Hand | J10: {'gte': 18.0} | K10: all | L10: =iferror(search("'gte': 18",J10)>0,FALSE) -> TRUE | M10: =or(iferror(search("'lt': 5",J10)>0,FALSE),iferror(search("13",J10)>0,FALSE),iferror(search("'gte': 15",J10)>0,FALSE)) -> FALSE
A11: 007e03e2-e8e4-4db1-90fb-4d4ad2b4c35e | B11: 0483d18d-f62d-4c73-9265-b2fc325f5fd7 | C11: =if($B11="","",vlookup($B11,concepts_oct152021_old!$A:$B,2,false)) -> #REF! | D11: TRIAGE | E11: UNISEX | F11: TRIAGE | G11: Leg | H11: CHECKBASE | I11: Leg | J11: {'lt': 5, 'gte': 0} | K11: all | L11: =iferror(search("'gte': 18",J11)>0,FALSE) -> FALSE | M11: =or(iferror(search("'lt': 5",J11)>0,FALSE),iferror(search("13",J11)>0,FALSE),iferror(search("'gte': 15",J11)>0,FALSE)) -> TRUE
A12: 007e03e2-e8e4-4db1-90fb-4d4ad2b4c35e | B12: 0483d18d-f62d-4c73-9265-b2fc325f5fd7 | C12: =if($B12="","",vlookup($B12,concepts_oct152021_old!$A:$B,2,false)) -> #REF! | D12: TRIAGE | E12: UNISEX | F12: TRIAGE | G12: Leg | H12: CHECKBASE | I12: Leg | J12: {'lt': 13, 'gte': 5} | K12: all | L12: =iferror(search("'gte': 18",J12)>0,FALSE) -> FALSE | M12: =or(iferror(search("'lt': 5",J12)>0,FALSE),iferror(search("13",J12)>0,FALSE),iferror(search("'gte': 15",J12)>0,FALSE)) -> TRUE
A13: 007e03e2-e8e4-4db1-90fb-4d4ad2b4c35e | B13: 0483d18d-f62d-4c73-9265-b2fc325f5fd7 | C13: =if($B13="","",vlookup($B13,concepts_oct152021_old!$A:$B,2,false)) -> #REF! | D13: TRIAGE | E13: UNISEX | F13: TRIAGE | G13: Leg | H13: CHECKBASE | I13: Leg | J13: {'lt': 15, 'gte': 13} | K13: all | L13: =iferror(search("'gte': 18",J13)>0,FALSE) -> FALSE | M13: =or(iferror(search("'lt': 5",J13)>0,FALSE),iferror(search("13",J13)>0,FALSE),iferror(search("'gte': 15",J13)>0,FALSE)) -> TRUE
... A2166: a67b2845-8fef-47e5-a07e-9c4470609253 | B2166: 603a4442-f607-48df-88a8-717d01d92741 | C2166: =if($B2166="","",vlookup($B2166,concepts_oct152021_old!$A:$B,2,false)) -> #REF! | D2166: TRIAGE_AND_POSSIBLE_CONDITIONS | E2166: UNISEX | F2166: TRIAGE | G2166: Coronavirus | H2166: FLOWBASE_TRIAGE | I2166: Coronavirus | J2166: {'gte': 18.0} | K2166: USA | L2166: =iferror(search("'gte': 18",J2166)>0,FALSE) -> TRUE | M2166: =or(iferror(search("'lt': 5",J2166)>0,FALSE),iferror(search("13",J2166)>0,FALSE),iferror(search("'gte': 15",J2166)>0,FALSE)) -> FALSE

Sheet MDR Requirement
A1: Node ID | B1: Symptom Name | C1: Concept Type | D1: Searchable for PGM (TRUE/FALSE) | E1: Searchable for Checkbase Adult (TRUE/FALSE) | F1: Searchable for Checkbase Paediatrics (TRUE/FALSE)
A2: 001fa650-28b0-49a1-b36d-76503257d798 | B2: Pain in penis | C2: SYMPTOM | D2: True | E2: True | F2: True
A3: 003eb640-3e58-43c9-9a15-47d92c98120f | B3: Peri-orbital cellulitis | C3: DISEASE | D3: False | E3: False | F3: False
A4: 004669a5-428b-4dd6-867c-8421bbb0ba05 | B4: Panic attack | C4: DISEASE | D4: False | E4: False | F4: False
A5: 7b3cd23a-c400-5552-900c-87c46cc7d155 | B5: Chronic Pancreatitis | C5: DISEASE | D5: False | E5: False | F5: False
A6: 00aace0c-fb7a-466d-9371-d36cd1cd2aa3 | B6: Exposure to lice or mites | C6: RISK_FACTOR | D6: False | E6: False | F6: False
A7: 00be17ce-bd15-48f0-9b35-a5679959a152 | B7: Dietary iodine deficiency | C7: RISK_FACTOR | D7: False | E7: False | F7: False
A8: 01029c68-0a2a-4a0c-872d-10311a774b61 | B8: Epigastric Pain Worse Lying Down | C8: SYMPTOM | D8: False | E8: False | F8: False
A9: 0143922f-d0c9-42fd-9165-5170996300b9 | B9: Temporomandibular joint-pain-dysfunction syndrome | C9: DISEASE | D9: False | E9: False | F9: False
A10: 019b0e3a-d932-4694-8014-c4c7615d6191 | B10: No contraceptive precautions (female) | C10: RISK_FACTOR | D10: True | E10: False | F10: False
A11: 01e7dc30-406d-40de-8f8e-893cb0fbecad | B11: Retinal artery occlusion | C11: DISEASE | D11: False | E11: False | F11: False
A12: 0250a1f9-1039-45f5-8b99-22b61e906d85 | B12: Benign paroxysmal positional vertigo | C12: DISEASE | D12: False | E12: False | F12: False
... A1590: ffbd5f4e-d64a-49c5-ac12-bc69ed29d5db | B1590: Viral upper respiratory tract infection | C1590: DISEASE | D1590: False | E1590: False | F1590: False

Sheet concept_regionality_oct152021
A1: node_id | B1: region | D1: last updated Oct 15 2021
A2: 001fa650-28b0-49a1-b36d-76503257d798 | B2: all_regions
A3: 003eb640-3e58-43c9-9a15-47d92c98120f | B3: all_regions
A4: 004669a5-428b-4dd6-867c-8421bbb0ba05 | B4: all_regions
A5: 7b3cd23a-c400-5552-900c-87c46cc7d155 | B5: all_regions
A6: 00aace0c-fb7a-466d-9371-d36cd1cd2aa3 | B6: cambodia
A7: 00aace0c-fb7a-466d-9371-d36cd1cd2aa3 | B7: indonesia
A8: 00aace0c-fb7a-466d-9371-d36cd1cd2aa3 | B8: philippines
A9: 00aace0c-fb7a-466d-9371-d36cd1cd2aa3 | B9: rwanda
A10: 00aace0c-fb7a-466d-9371-d36cd1cd2aa3 | B10: vietnam
A11: 00aace0c-fb7a-466d-9371-d36cd1cd2aa3 | B11: myanmar
A12: 00aace0c-fb7a-466d-9371-d36cd1cd2aa3 | B12: laos
A13: 00be17ce-bd15-48f0-9b35-a5679959a152 | B13: all_regions
... A2228: ffbd5f4e-d64a-49c5-ac12-bc69ed29d5db | B2228: all_regions

Sheet concepts_sept282021 
A1: Guv Y=red flag, M=maybe, N=not red flag symptom | B1: Guv shorthand review | C1: id | D1: name | E1: concept type | F1: medical system | G1: is draft | H1: is epi concept | I1: base kb iri | J1: layman name | K1: is disease-as-risk-factor | L1: original_node_id | M1: layman_question | N1: red_flag | O1: last updated Sept 28 2021
A2: M | B2: m | C2: 19336386-41eb-4ced-99ee-aaff396bf720 | D2: Oliguria | E2: SYMPTOM | F2: None | G2: False | H2: True | I2: https://bbl.health/yTLvSRZREp | J2: Little urine passed in 24 hours | K2: False | L2: 19336386-41eb-4ced-99ee-aaff396bf720 | M2: Have you passed very little urine today? | N2: False
A3: M | B3: m | C3: 3948e1d7-a894-4dc9-b293-45be82543289 | D3: Diarrhea | E3: SYMPTOM | F3: None | G3: False | H3: True | I3: https://bbl.health/HN04E_WaPN | J3: Diarrhoea | K3: False | L3: 3948e1d7-a894-4dc9-b293-45be82543289 | M3: Do you have diarrhoea? | N3: True
A4: N | B4: m | C4: 4149234e-72dc-48b5-9bcc-50eb9b6c6e94 | D4: Nocturnal diarrhoea | E4: SYMPTOM | F4: None | G4: False | H4: True | I4: https://bbl.health/v38OE_Qiwf | J4: Diarrhoea at night | K4: False | L4: 4149234e-72dc-48b5-9bcc-50eb9b6c6e94 | M4: Do you regularly have diarrhoea at night? | N4: False
A5: N | B5: m | C5: 5dc744a2-55b8-4bb2-b532-9e7900bf85a4 | D5: Pruritus of skin | E5: SYMPTOM | F5: None | G5: False | H5: True | I5: https://bbl.health/lEiraUaTiX | J5: Itchy skin | K5: False | L5: 5dc744a2-55b8-4bb2-b532-9e7900bf85a4 | M5: Is your skin itchy? | N5: False
A6: N | B6: m | C6: 7bee3797-ebb0-422c-beac-4309e8b43512 | D6: Anxiety | E6: SUPER_NODE | F6: None | G6: False | H6: True | I6: https://bbl.health/nFboaTRruM | J6: Anxiety | K6: False | L6: 7bee3797-ebb0-422c-beac-4309e8b43512 | M6: Are you feeling unusually anxious, to the point where it's affecting your day-to-day life? | N6: False
A7: N | B7: m | C7: 9a19c875-9ae9-4abf-b425-1a62d751b737 | D7: Painful lips | E7: SYMPTOM | F7: None | G7: False | H7: True | I7: https://bbl.health/NmnV8FFS36 | J7: Pain around the mouth | K7: False | L7: 9a19c875-9ae9-4abf-b425-1a62d751b737 | M7: Do you have any pain around your lips? | N7: False
A8: N | B8: m | C8: a23faa73-c2ca-4303-a674-ad94dbcfcd6d | D8: Tenesmus | E8: SYMPTOM | F8: None | G8: False | H8: True | I8: https://bbl.health/QLacLNYtiO | J8: Bowels feel full after passing stool | K8: False | L8: a23faa73-c2ca-4303-a674-ad94dbcfcd6d | M8: Does it feel like you haven't completed passing stool after having used the toilet? | N8: False
A9: M | B9: m | C9: c0ad1d9a-0859-4e51-9a8f-f5809cb55901 | D9: Hoarse | E9: SYMPTOM | F9: None | G9: False | H9: True | I9: https://bbl.health/Pv4PNLrOnr | J9: Hoarse voice | K9: False | L9: c0ad1d9a-0859-4e51-9a8f-f5809cb55901 | M9: Have you noticed any hoarseness in your voice? | N9: True
A10: N | B10: m | C10: f3ad340b-d6ce-4148-b6de-2925be53013e | D10: Dribbling of urine | E10: SYMPTOM | F10: None | G10: False | H10: True | I10: https://bbl.health/6vkekCG6al | J10: Dribbling of urine | K10: False | L10: f3ad340b-d6ce-4148-b6de-2925be53013e | M10: Have you noticed that your urine dribbles at the end of the flow? | N10: False
A11: Y | B11: m | C11: 67bff195-56f5-4926-873d-45cf93d73139 | D11: Non-blanching rash | E11: SYMPTOM | F11: None | G11: False | H11: True | I11: https://bbl.health/WG7xRUgDin | J11: Rash that doesn't go away when pressed | K11: False | L11: 67bff195-56f5-4926-873d-45cf93d73139 | M11: Do you have a rash that doesn't become lighter in colour when you press on it? | N11: True
A12: N | B12: A | C12: 073fe57d-6808-4719-a800-ed973e82e3f5 | D12: Gradual onset eye pain (bilateral) | E12: SYMPTOM | F12: None | G12: False | H12: True | I12: https://bbl.health/F544OP8mc3 | J12: Pain in both eyes that started gradually | K12: False | L12: 073fe57d-6808-4719-a800-ed973e82e3f5 | M12: Do you have pain in both eyes? | N12: False
A13: N | B13: A | C13: b72d03c9-99c6-46f0-aa55-9a69faa52b65 | D13: Burning Loin Pain | E13: SYMPTOM | F13: None | G13: False | H13: True | I13: https://bbl.health/ArLzKj440y | J13: Burning pain in side | K13: False | L13: b72d03c9-99c6-46f0-aa55-9a69faa52b65 | M13: Is the pain in your loins burning in nature? | N13: False
... A663: N | B663: A | C663: ff3d434f-7ae5-41f4-a974-5ad2c53b16b8 | D663: Cannot get an erection | E663: SYMPTOM | F663: None | G663: False | H663: True | I663: https://bbl.health/fGXzq-WZ-x | J663: Cannot achieve erection | K663: False | L663: ff3d434f-7ae5-41f4-a974-5ad2c53b16b8 | M663: Do you experience difficulty in achieving an erection? | N663: False
C664: 003eb640-3e58-43c9-9a15-47d92c98120f | D664: Peri-orbital cellulitis | E664: DISEASE | F664: OPHTHALMOLOGY | G664: False | H664: True | I664: https://bbl.health/qjOMB7JE5q | J664: Peri-orbital cellulitis | K664: False | L664: 003eb640-3e58-43c9-9a15-47d92c98120f | M664: None | N664: False
C665: 004669a5-428b-4dd6-867c-8421bbb0ba05 | D665: Panic attack | E665: DISEASE | F665: MENTAL_HEALTH | G665: False | H665: True | I665: https://bbl.health/QgkUW3D8Ar | J665: Panic attack | K665: False | L665: 004669a5-428b-4dd6-867c-8421bbb0ba05 | M665: None | N665: False
C666: 7b3cd23a-c400-5552-900c-87c46cc7d155 | D666: Chronic Pancreatitis | E666: DISEASE | F666: GASTROENTEROLOGY_HEPATOLOGY | G666: False | H666: True | I666: https://bbl.health/1aQ5drg4Bk | J666: Chronic pancreatitis | K666: True | L666: 008e744b-596c-44f8-9239-dd711f5212fc | M666: Have you been diagnosed with chronic pancreatitis? | N666: False
C667: 00aace0c-fb7a-466d-9371-d36cd1cd2aa3 | D667: Exposure to lice or mites | E667: RISK_FACTOR | F667: None | G667: False | H667: True | I667: https://bbl.health/jiXNo61uke | J667: Exposure to lice or mites | K667: False | L667: 00aace0c-fb7a-466d-9371-d36cd1cd2aa3 | M667: Have you recently come into contact with lice or mites? For example from living in close quarters, or sharing clothing or towels with other people. | N667: False
C668: 00be17ce-bd15-48f0-9b35-a5679959a152 | D668: Dietary iodine deficiency | E668: RISK_FACTOR | F668: None | G668: False | H668: True | I668: https://bbl.health/JBLsBKYBZw | J668: Dietary iodine deficiency | K668: False | L668: 00be17ce-bd15-48f0-9b35-a5679959a152 | M668: Is your diet lacking in iodine-rich foods, like seaweed or fish? | N668: False
C669: 0143922f-d0c9-42fd-9165-5170996300b9 | D669: Temporomandibular joint-pain-dysfunction syndrome | E669: DISEASE | F669: ENT | G669: False | H669: True | I669: https://bbl.health/dD0Yfhd4FU | J669: TMJ dysfunction | K669: False | L669: 0143922f-d0c9-42fd-9165-5170996300b9 | M669: None | N669: False
C670: 019b0e3a-d932-4694-8014-c4c7615d6191 | D670: No contraceptive precautions (female) | E670: RISK_FACTOR | F670: None | G670: False | H670: True | I670: https://bbl.health/ReB9D1HdeE | J670: No contraceptive precautions | K670: False | L670: 019b0e3a-d932-4694-8014-c4c7615d6191 | M670: Have you had sex in the last 6 months without using condoms and without being covered by another form of reliable contraception which you use effectively? | N670: False
C671: 01e7dc30-406d-40de-8f8e-893cb0fbecad | D671: Retinal artery occlusion | E671: DISEASE | F671: OPHTHALMOLOGY | G671: False | H671: True | I671: https://bbl.health/xstI6_bMju | J671: Retinal artery occlusion | K671: False | L671: 01e7dc30-406d-40de-8f8e-893cb0fbecad | M671: None | N671: False
C672: 0250a1f9-1039-45f5-8b99-22b61e906d85 | D672: Benign paroxysmal positional vertigo | E672: DISEASE | F672: ENT | G672: False | H672: True | I672: https://bbl.health/5co4agcN_K | J672: Benign Paroxysmal Positional Vertigo | K672: False | L672: 0250a1f9-1039-45f5-8b99-22b61e906d85 | M672: None | N672: False
C673: 029177e2-337b-4a7d-a596-cd4779c6471e | D673: History of panic attacks | E673: RISK_FACTOR | F673: None | G673: False | H673: True | I673: https://bbl.health/wFAKjkGQEI | J673: History of panic attacks | K673: False | L673: 029177e2-337b-4a7d-a596-cd4779c6471e | M673: Have you ever had a panic attack? | N673: False
C674: 03064a04-1a64-46ec-8e0c-3c4f0a85edc6 | D674: FH: Atopy | E674: RISK_FACTOR | F674: None | G674: False | H674: True | I674: https://bbl.health/Orx3x3Cr4H | J674: Family history of allergies | K674: False | L674: 03064a04-1a64-46ec-8e0c-3c4f0a85edc6 | M674: Have either of your parents or any siblings been diagnosed with allergies, asthma, eczema or hay fever? | N674: False
C675: 04025113-3087-41f2-9fec-9eba27670758 | D675: Podoconiosis | E675: DISEASE | F675: MISC | G675: False | H675: True | I675: https://bbl.health/vgju1FliB3 | J675: Nonfilarial elephantiasis | K675: False | L675: 04025113-3087-41f2-9fec-9eba27670758 | M675: None | N675: False
... C694: c136f130-9947-564c-860a-c0b362373db9 | D694: Malignant neoplasm of nasopharynx | E694: DISEASE | F694: ENT | G694: False | H694: True | I694: https://bbl.health/ONJyFjVdsq | J694: Nasopharyngeal Cancer | K694: True | L694: 08e079d5-76d2-4cb2-8e8a-220376df1151 | M694: Have you been diagnosed with nasopharyngeal cancer? | N694: False
A695: Y | B695: A | C695: 0902d677-d8bf-442d-8b8c-e4e147667777 | D695: Unilateral paresthesia of upper limb | E695: SYMPTOM | F695: None | G695: False | H695: True | I695: https://bbl.health/pUs16y77Hi | J695: Pins and needles in one arm | K695: False | L695: 0902d677-d8bf-442d-8b8c-e4e147667777 | M695: Do you have pins and needles in one of your arms? | N695: False
C696: 0938acb7-01ce-4ffe-81c9-7b25a3962001 | D696: History of cancer | E696: RISK_FACTOR | F696: None | G696: False | H696: False | I696: https://bbl.health/1lN7Xk0HPh | J696: History of cancer | K696: False | L696: 0938acb7-01ce-4ffe-81c9-7b25a3962001 | M696: Have you ever had a diagnosis of cancer? | N696: False
C697: 8038058c-a44b-5c5c-8c83-5147eeaafeb8 | D697: Uncomplicated inguinal hernia | E697: DISEASE | F697: GENERAL_SURGERY | G697: False | H697: True | I697: https://bbl.health/aDtKvdFnlC | J697: Uncomplicated inguinal hernia | K697: True | L697: 09546181-fdb1-41c9-997f-ef372ff3fab5 | M697: Do you currently have a inguinal hernia? | N697: False
C698: 2eeea714-756a-54bc-9f1d-ba579fb7b407 | D698: Type 1 diabetes mellitus | E698: DISEASE | F698: ENDOCRINE | G698: False | H698: True | I698: https://bbl.health/O1B9tzxsCv | J698: Type 1 diabetes | K698: True | L698: 097d08ac-1fda-45d9-9a79-09f439f305de | M698: Have you been diagnosed with type 1 diabetes? | N698: False
C699: 098c10ed-b89c-42e9-a0a0-518217da4b94 | D699: Chikungunya | E699: DISEASE | F699: MISC | G699: False | H699: True | I699: https://bbl.health/doqlKxOm0x | J699: Chikungunya | K699: False | L699: 098c10ed-b89c-42e9-a0a0-518217da4b94 | M699: None | N699: False
C700: 09b87963-4fcf-4015-a059-6bdd87c6c1f0 | D700: Family history of psoriasis with arthropathy | E700: RISK_FACTOR | F700: None | G700: False | H700: True | I700: https://bbl.health/KdhXlldG7l | J700: Family history of psoriatic arthritis | K700: False | L700: 09b87963-4fcf-4015-a059-6bdd87c6c1f0 | M700: Have either of your parents, or any siblings, ever been diagnosed with psoriatic arthritis? | N700: False
C701: 09cf7b8a-8fbf-4088-98a6-1b75d14effad | D701: Serous nipple discharge (unisex) | E701: SYMPTOM | F701: None | G701: False | H701: False | I701: https://bbl.health/hXQPWxkhMT | J701: Watery nipple discharge | K701: False | L701: 09cf7b8a-8fbf-4088-98a6-1b75d14effad | M701: Do you have watery or pale clear discharge from your nipple? | N701: False
C702: 0a11166a-6649-4718-81b4-df4ef69f1168 | D702: Laryngitis | E702: DISEASE | F702: ENT | G702: False | H702: True | I702: https://bbl.health/HzYJz5SJBW | J702: Inflammation of the voice box | K702: False | L702: 0a11166a-6649-4718-81b4-df4ef69f1168 | M702: None | N702: False
C703: da4e3c73-252b-53a3-bc86-8efd0012daf3 | D703: Osteoarthritis of knee | E703: DISEASE | F703: MSK | G703: False | H703: True | I703: https://bbl.health/tsVgyzZr1U | J703: Osteoarthritis of knee | K703: True | L703: 0ae2b137-5df5-4741-8a4d-d3c44abd1008 | M703: Have you been diagnosed with osteoarthritis of the knee? | N703: False
C704: 0af03be8-6be5-4171-bacb-a7d0474a3494 | D704: History of vaginal delivery | E704: RISK_FACTOR | F704: None | G704: False | H704: True | I704: https://bbl.health/ZoTD70WdQV | J704: Previous vaginal delivery | K704: False | L704: 0af03be8-6be5-4171-bacb-a7d0474a3494 | M704: Have you given birth by vaginal delivery? | N704: False
C705: 0b76a8b9-7ecd-4b73-b503-95af0dd20d97 | D705: Bite of insect | E705: SYMPTOM | F705: None | G705: False | H705: False | I705: https://bbl.health/4KTrWFNDHe | J705: Insect bite or sting | K705: False | L705: 0b76a8b9-7ecd-4b73-b503-95af0dd20d97 | M705: Have you been bitten or stung by an insect recently? | N705: False
C706: 0b7a9ed6-feb6-4f2a-9125-404e9333f76f | D706: Globus pharyngeus | E706: DISEASE | F706: ENT | G706: False | H706: True | I706: https://bbl.health/ogF-Cc6Xv6 | J706: Globus pharyngeus | K706: False | L706: 0b7a9ed6-feb6-4f2a-9125-404e9333f76f | M706: None | N706: False
C707: 0c64c498-1da3-48fe-a99e-7a34832b5a24 | D707: Ascending cholangitis | E707: DISEASE | F707: GASTROENTEROLOGY_HEPATOLOGY | G707: False | H707: True | I707: https://bbl.health/uLwdd0-JcW | J707: Ascending cholangitis | K707: False | L707: 0c64c498-1da3-48fe-a99e-7a34832b5a24 | M707: None | N707: False
... C717: 0fc76e1a-f55a-4d83-9c78-2997c2014bef | D717: Benign intracranial hypertension | E717: DISEASE | F717: OPHTHALMOLOGY | G717: False | H717: True | I717: https://bbl.health/PoQr4u0RAP | J717: Benign Intracranial Hypertension | K717: False | L717: 0fc76e1a-f55a-4d83-9c78-2997c2014bef | M717: None | N717: False
A718: Y | B718: m-won't fix | C718: 0fd47afd-9e81-40f2-8fa6-f8e7adbfe061 | D718: Diplopia | E718: SYMPTOM | F718: None | G718: False | H718: True | I718: https://bbl.health/7k7Vkm5ShF | J718: Double vision | K718: False | L718: 0fd47afd-9e81-40f2-8fa6-f8e7adbfe061 | M718: Do you get double vision? | N718: False
C719: 102b4857-454a-4f86-b46a-d625342fa6ec | D719: Physiological vaginal discharge | E719: DISEASE | F719: GYNAECOLOGY | G719: False | H719: True | I719: https://bbl.health/LXh4i1u3P_ | J719: Physiological vaginal discharge | K719: False | L719: 102b4857-454a-4f86-b46a-d625342fa6ec | M719: None | N719: False
C720: 10bb99c9-19bb-462e-9b9c-9b0502fc3cdd | D720: Family history of cardiomyopathy | E720: RISK_FACTOR | F720: None | G720: False | H720: True | I720: https://bbl.health/oEp1qXrITr | J720: Family history of cardiomyopathy | K720: False | L720: 10bb99c9-19bb-462e-9b9c-9b0502fc3cdd | M720: Have either of your parents, or any siblings, ever been diagnosed with cardiomyopathy? | N720: False
C721: 10caec39-d294-46eb-ba03-fdc1b6f0f510 | D721: Overweight | E721: RISK_FACTOR | F721: None | G721: False | H721: False | I721: https://bbl.health/QoozRVKeTq | J721: Overweight | K721: False | L721: 10caec39-d294-46eb-ba03-fdc1b6f0f510 | M721: Are you overweight? | N721: False
C722: 10d0b4bf-76ce-439c-b9d9-d1ca05d9d268 | D722: Periorbital rash | E722: SYMPTOM | F722: None | G722: False | H722: False | I722: https://bbl.health/gDByjN8T-T | J722: Rash around the eye | K722: False | L722: 10d0b4bf-76ce-439c-b9d9-d1ca05d9d268 | M722: Have you got a rash around your eye? | N722: False
C723: 10f1091d-1fb4-4de2-a5e9-327f6a095413 | D723: Viral conjunctivitis | E723: DISEASE | F723: OPHTHALMOLOGY | G723: False | H723: True | I723: https://bbl.health/Wdher6PEIa | J723: Viral conjunctivitis | K723: False | L723: 10f1091d-1fb4-4de2-a5e9-327f6a095413 | M723: None | N723: False
C724: 11084af4-dc56-46d4-adb4-a75bd2777285 | D724: FH: Bowel cancer | E724: RISK_FACTOR | F724: None | G724: False | H724: True | I724: https://bbl.health/gpd7-df9JX | J724: Family history of bowel cancer | K724: False | L724: 11084af4-dc56-46d4-adb4-a75bd2777285 | M724: Have either of your parents, or any siblings, ever been diagnosed with bowel cancer? | N724: False
C725: 11c4eccd-92f2-4c3e-9ac9-6889fdb904fe | D725: Undiagnosed pregnancy | E725: DISEASE | F725: GYNAECOLOGY | G725: False | H725: True | I725: https://bbl.health/xslHZgKo1s | J725: Pregnancy | K725: False | L725: 11c4eccd-92f2-4c3e-9ac9-6889fdb904fe | M725: None | N725: False
C726: 1212e246-47f5-4ab5-914b-28656f66d971 | D726: Acute sinusitis | E726: DISEASE | F726: ENT | G726: False | H726: True | I726: https://bbl.health/QtdQD6KR6X | J726: Acute sinusitis | K726: False | L726: 1212e246-47f5-4ab5-914b-28656f66d971 | M726: None | N726: False
C727: 125bc4b9-aaf6-4b53-9635-c6c4af1e5318 | D727: Cyclical mastalgia | E727: DISEASE | F727: GYNAECOLOGY | G727: False | H727: True | I727: https://bbl.health/QFlTbeXiEl | J727: Cyclical breast pain | K727: False | L727: 125bc4b9-aaf6-4b53-9635-c6c4af1e5318 | M727: None | N727: False
C728: 12761083-554b-4e44-b4fe-b50da236d638 | D728: History of injury to inner ear | E728: RISK_FACTOR | F728: None | G728: False | H728: True | I728: https://bbl.health/qK1NuEFUW- | J728: History of injury to inner ear | K728: False | L728: 12761083-554b-4e44-b4fe-b50da236d638 | M728: Have you previously had an injury to your inner ear? | N728: False
C729: 1287a075-3d3d-4443-b5ca-8ec5062c482f | D729: Sciatica | E729: DISEASE | F729: MSK | G729: False | H729: True | I729: https://bbl.health/V2gvKL5YKF | J729: Sciatica | K729: False | L729: 1287a075-3d3d-4443-b5ca-8ec5062c482f | M729: None | N729: False
C730: 129a7723-ea37-42d1-870d-c49f14431e4e | D730: Family history of malignant neoplasm of thyroid | E730: RISK_FACTOR | F730: None | G730: False | H730: True | I730: https://bbl.health/B4VKYekAkg | J730: Family history of thyroid cancer | K730: False | L730: 129a7723-ea37-42d1-870d-c49f14431e4e | M730: Have either of your parents, or any siblings, ever been diagnosed with thyroid cancer? | N730: False
... C813: 227db8e5-6e80-5a1b-8f26-4430de69e2a6 | D813: Malignant neoplasm of large intestine | E813: DISEASE | F813: GASTROENTEROLOGY_HEPATOLOGY | G813: False | H813: True | I813: https://bbl.health/bQlOMaskVi | J813: Colorectal Cancer | K813: True | L813: 2d5ac385-ab45-49a9-95d9-1a6402784236 | M813: Have you been diagnosed with bowel cancer? | N813: False
A814: N | B814: m-won't fix | C814: 2e1a6ba6-e4c3-409d-b1d2-52ec8cd7a71e | D814: Proximal interphalangeal joint of finger pain | E814: SYMPTOM | F814: None | G814: False | H814: True | I814: https://bbl.health/bEIFSHHEXN | J814: Pain in middle joint of finger(s) | K814: False | L814: 2e1a6ba6-e4c3-409d-b1d2-52ec8cd7a71e | M814: Do you have pain in your knuckles? | N814: False
C815: 2e285449-cb1c-4313-8d68-d3fa79f72226 | D815: Pigmented skin lesion | E815: SYMPTOM | F815: None | G815: False | H815: False | I815: https://bbl.health/I9oo-7PaKX | J815: Dark spot | K815: False | L815: 2e285449-cb1c-4313-8d68-d3fa79f72226 | M815: Do you have a dark spot on your skin? | N815: False
C816: 2e6f8500-4bcf-456c-8077-47d3ce70751b | D816: Torticollis | E816: DISEASE | F816: NEUROLOGY | G816: False | H816: True | I816: https://bbl.health/G7LZtN_oRf | J816: Torticollis | K816: False | L816: 2e6f8500-4bcf-456c-8077-47d3ce70751b | M816: None | N816: False
C817: 2eb28e26-e3ef-42f4-a411-07feab392f23 | D817: Idiopathic gynaecomastia | E817: DISEASE | F817: MISC | G817: False | H817: True | I817: https://bbl.health/eaYA85PVmf | J817: Idiopathic gynaecomastia | K817: False | L817: 2eb28e26-e3ef-42f4-a411-07feab392f23 | M817: None | N817: False
C818: 2f195cac-f5ea-4804-8502-811f44748310 | D818: Typhus | E818: DISEASE | F818: MISC | G818: False | H818: True | I818: https://bbl.health/2uj6TNh1a- | J818: Typhus | K818: False | L818: 2f195cac-f5ea-4804-8502-811f44748310 | M818: None | N818: False
C819: 2f7346fd-7350-4342-a005-47676cfcce78 | D819: Lower gastrointestinal haemorrhage | E819: DISEASE | F819: GASTROENTEROLOGY_HEPATOLOGY | G819: False | H819: True | I819: https://bbl.health/Q6o2u6qSY0 | J819: Bleeding from the lower part of the gut | K819: False | L819: 2f7346fd-7350-4342-a005-47676cfcce78 | M819: None | N819: False
C820: 301f192f-3eed-48e9-a653-4a8b3585ad54 | D820: Zika Virus | E820: DISEASE | F820: MISC | G820: False | H820: True | I820: https://bbl.health/KU7RYS6hn- | J820: Zika Virus | K820: False | L820: 301f192f-3eed-48e9-a653-4a8b3585ad54 | M820: None | N820: False
C821: 30887c5f-f351-4d96-aab3-d70fb1be530b | D821: Acute hepatic failure | E821: DISEASE | F821: GASTROENTEROLOGY_HEPATOLOGY | G821: False | H821: True | I821: https://bbl.health/7s5IsKFpO- | J821: Acute liver failure | K821: False | L821: 30887c5f-f351-4d96-aab3-d70fb1be530b | M821: None | N821: False
C822: 90fd67c3-b8e1-57e9-826a-5277d4d1e690 | D822: Gastroparesis syndrome | E822: DISEASE | F822: GASTROENTEROLOGY_HEPATOLOGY | G822: False | H822: True | I822: https://bbl.health/oDqULWUzwZ | J822: Gastroparesis syndrome | K822: True | L822: 3095c8b7-f231-472f-b5b7-ab7da4cc319d | M822: Have you been diagnosed with gastroparesis? | N822: False
C823: 30d9e46e-9bd6-4386-a99a-b078755698a0 | D823: Recent major abdominal surgery | E823: RISK_FACTOR | F823: None | G823: False | H823: True | I823: https://bbl.health/QussqSwMk9 | J823: History of recent major abdominal surgery | K823: False | L823: 30d9e46e-9bd6-4386-a99a-b078755698a0 | M823: Have you had major abdominal surgery in the past 30 days? | N823: False
C824: 311684a9-a811-4bfd-9674-1f7b68befc97 | D824: Bunion | E824: DISEASE | F824: MSK | G824: False | H824: True | I824: https://bbl.health/odxNEoLFEg | J824: Bunion | K824: False | L824: 311684a9-a811-4bfd-9674-1f7b68befc97 | M824: None | N824: False
C825: 316d32b7-a187-4019-bdaa-004ced4aad1e | D825: Dysfunction of eustachian tube | E825: DISEASE | F825: ENT | G825: False | H825: True | I825: https://bbl.health/4_y0c3xgrs | J825: Eustachian tube dysfunction | K825: False | L825: 316d32b7-a187-4019-bdaa-004ced4aad1e | M825: None | N825: False
C826: 31d4064b-eb75-4108-b3db-7ce0d7f823f3 | D826: Near Syncope | E826: SYMPTOM | F826: None | G826: False | H826: False | I826: https://bbl.health/MLhrn1-7DD | J826: Near loss of consciousness | K826: False | L826: 31d4064b-eb75-4108-b3db-7ce0d7f823f3 | M826: Are you experiencing severe dizziness, to the point where you feel like you're going to pass out? | N826: False
... C828: 31fe3306-a616-492e-a0b1-4ed2fbd00a30 | D828: Generalised Chest Pain | E828: SYMPTOM | F828: None | G828: False | H828: False | I828: https://bbl.health/POCIxyvePZ | J828: Chest pain on both sides | K828: False | L828: 31fe3306-a616-492e-a0b1-4ed2fbd00a30 | M828: Do you have pain across both sides of the chest? | N828: False
A829: N | B829: m-won't fix | C829: 32a9ec8c-23ad-45e3-a2b6-ab7b08fec3ca | D829: Intolerant of cold | E829: SYMPTOM | F829: None | G829: False | H829: True | I829: https://bbl.health/zFN1urS1NK | J829: Unable to tolerate cold temperatures | K829: False | L829: 32a9ec8c-23ad-45e3-a2b6-ab7b08fec3ca | M829: Have you noticed that you feel uncomfortably cold in situations when you normally wouldn't? e.g. when it's not obviously cold and/or other people around you feel normal | N829: False
C830: 32d450e5-208c-4df1-b718-3b4de958747f | D830: H/O: meningitis | E830: RISK_FACTOR | F830: None | G830: False | H830: True | I830: https://bbl.health/XQD721JSB1 | J830: History of meningitis | K830: False | L830: 32d450e5-208c-4df1-b718-3b4de958747f | M830: Have you ever been diagnosed with meningitis? | N830: False
C831: 332885a9-dc0c-4cc4-86dc-cb1caf8e9ec8 | D831: Recent injury of eye | E831: RISK_FACTOR | F831: None | G831: False | H831: True | I831: https://bbl.health/Zd8vgJl-Nh | J831: History of injury of the eye in the last 30 days | K831: False | L831: 332885a9-dc0c-4cc4-86dc-cb1caf8e9ec8 | M831: Have you injured either of your eyes in the last 30 days? | N831: False
C832: 337e7a61-ede4-4b04-ad69-66592f94edde | D832: Recent animal bite | E832: RISK_FACTOR | F832: None | G832: False | H832: True | I832: https://bbl.health/Q3lSnVQdyZ | J832: Recent animal bite | K832: False | L832: 337e7a61-ede4-4b04-ad69-66592f94edde | M832: Have you recently been bitten by an animal? | N832: False
C833: 33ba9908-022e-48dc-b14c-36e8d7a3760c | D833: Contusion of eye | E833: SYMPTOM | F833: None | G833: False | H833: False | I833: https://bbl.health/dKb91L1Whj | J833: Black eye | K833: False | L833: 33ba9908-022e-48dc-b14c-36e8d7a3760c | M833: Have you got a black eye following injury? | N833: False
C834: 33bd297a-8a88-4c7e-9366-9d476baffcfc | D834: Increased use of reliever inhaler | E834: RISK_FACTOR | F834: None | G834: False | H834: False | I834: https://bbl.health/Wy6Rfpfe-C | J834: Using inhaler more often than usual | K834: False | L834: 33bd297a-8a88-4c7e-9366-9d476baffcfc | M834: Are you using your inhaler more than usual? | N834: False
C835: 33fcd1c7-4719-43a7-b5d6-d8e9c44fb607 | D835: Skin changes on chest | E835: SYMPTOM | F835: None | G835: False | H835: False | I835: https://bbl.health/DPWZEfhv3m | J835: Skin changes on chest | K835: False | L835: 33fcd1c7-4719-43a7-b5d6-d8e9c44fb607 | M835: Have you noticed any problems with the skin on your nipples or chest? | N835: False
C836: 34435d38-5006-40fc-9381-aadc44af7e9b | D836: Early menarche | E836: RISK_FACTOR | F836: None | G836: False | H836: True | I836: https://bbl.health/i-v53IjHVw | J836: Periods started before age 12 | K836: False | L836: 34435d38-5006-40fc-9381-aadc44af7e9b | M836: Did your periods start before you were 12 years old? | N836: False
C837: 3448e439-2933-4590-9aee-e50a645dbc26 | D837: Overactive Bladder | E837: DISEASE | F837: UROLOGY | G837: False | H837: True | I837: https://bbl.health/FLzXpn6_CZ | J837: Overactive bladder | K837: False | L837: 3448e439-2933-4590-9aee-e50a645dbc26 | M837: None | N837: False
C838: 34766272-1ff3-494c-940e-45d3b923938c | D838: Clostridium difficile infection | E838: DISEASE | F838: GASTROENTEROLOGY_HEPATOLOGY | G838: False | H838: True | I838: https://bbl.health/kKMcvU2fjn | J838: C. difficile infection | K838: False | L838: 34766272-1ff3-494c-940e-45d3b923938c | M838: None | N838: False
C839: 34b4494a-8d42-4651-a2e9-5f781d027170 | D839: Family History of Depression | E839: RISK_FACTOR | F839: None | G839: False | H839: True | I839: https://bbl.health/WDr0x3wpAO | J839: Family History of Depression | K839: False | L839: 34b4494a-8d42-4651-a2e9-5f781d027170 | M839: Have either of your parents, or any siblings, ever been diagnosed with depression? | N839: False
C840: 356f901f-07fd-4b7c-b45a-caadfbe26d9b | D840: Family history of multiple myeloma | E840: RISK_FACTOR | F840: None | G840: False | H840: True | I840: https://bbl.health/CHxmHEy1MI | J840: Family history of multiple myeloma | K840: False | L840: 356f901f-07fd-4b7c-b45a-caadfbe26d9b | M840: Have either of your parents, or any siblings, ever been diagnosed with multiple myeloma? | N840: False
C841: 3587ebc3-1357-4089-8a25-a20f22eb2578 | D841: Current long-term corticosteroid therapy | E841: RISK_FACTOR | F841: None | G841: False | H841: True | I841: https://bbl.health/RZTt47xcCq | J841: Taking corticosteroids for over 3 months | K841: False | L841: 3587ebc3-1357-4089-8a25-a20f22eb2578 | M841: Are you currently taking corticosteroids regularly, for a course longer than 3 months? | N841: False
... C853: 38dc1141-d925-434f-84ca-2fb9e3994d97 | D853: Hospital admission for asthma | E853: RISK_FACTOR | F853: None | G853: False | H853: False | I853: https://bbl.health/40dqEvi_JV | J853: Hospital admission for asthma | K853: False | L853: 38dc1141-d925-434f-84ca-2fb9e3994d97 | M853: Have you ever been admitted to hospital for asthma? | N853: False
A854: N | B854: m-won't fix | C854: 398c4724-bd18-4f22-9baf-2045848c3654 | D854: Ptosis of one eyelid | E854: SYMPTOM | F854: None | G854: False | H854: True | I854: https://bbl.health/MvQWyD32jG | J854: Drooping of one eyelid | K854: False | L854: 398c4724-bd18-4f22-9baf-2045848c3654 | M854: Has one of your upper eyelids drooped? | N854: False
C855: 39909d10-36ea-40cf-8585-611276b58397 | D855: Orchitis and epididymitis | E855: DISEASE | F855: UROLOGY | G855: False | H855: True | I855: https://bbl.health/aQypOhMLZX | J855: Orchitis and epididymitis | K855: False | L855: 39909d10-36ea-40cf-8585-611276b58397 | M855: None | N855: False
C856: 39a2cb94-065c-44cb-a3e6-7abf3cf439a9 | D856: Family history of Dupuytren's disease | E856: RISK_FACTOR | F856: None | G856: False | H856: True | I856: https://bbl.health/tmq-AS-jwq | J856: Family history of Dupuytren's disease | K856: False | L856: 39a2cb94-065c-44cb-a3e6-7abf3cf439a9 | M856: Have either of your parents, or any siblings, ever been diagnosed with Dupuytren's disease affecting their hands? | N856: False
C857: 39c5bcc1-dff7-4f6c-a8d6-2f370a776481 | D857: Chlamydia (female) | E857: DISEASE | F857: GYNAECOLOGY | G857: False | H857: True | I857: https://bbl.health/QiwDZJo7I7 | J857: Chlamydia | K857: False | L857: 39c5bcc1-dff7-4f6c-a8d6-2f370a776481 | M857: None | N857: False
C858: 39d9472b-7210-42da-8a03-af9eb143a791 | D858: History of tick bite | E858: RISK_FACTOR | F858: None | G858: False | H858: True | I858: https://bbl.health/N3MXxix83Y | J858: Tick bite | K858: False | L858: 39d9472b-7210-42da-8a03-af9eb143a791 | M858: Have you ever been bitten by a tick? | N858: False
C859: 3a0c5388-be3f-49ea-96a9-840b2101a7d2 | D859: Unilateral pain of breast (unisex) | E859: SYMPTOM | F859: None | G859: False | H859: False | I859: https://bbl.health/cfGBxBZlvL | J859: Pain in one breast | K859: False | L859: 3a0c5388-be3f-49ea-96a9-840b2101a7d2 | M859: Do you have pain in one breast? | N859: False
C860: 1ef80226-363a-586b-9ec7-94da1bd5f90a | D860: Impotence | E860: DISEASE | F860: UROLOGY | G860: False | H860: True | I860: https://bbl.health/eo4_T25GBL | J860: Erectile dysfunction | K860: True | L860: 3ab217ea-af83-4849-94e6-d629ea06550a | M860: Have you ever been diagnosed with erectile dysfunction? | N860: False
C861: 3ac8dc0e-720d-4d62-88fd-3c423f014673 | D861: Cholecystitis | E861: DISEASE | F861: GASTROENTEROLOGY_HEPATOLOGY | G861: False | H861: True | I861: https://bbl.health/rWAMXy34fN | J861: Cholecystitis | K861: False | L861: 3ac8dc0e-720d-4d62-88fd-3c423f014673 | M861: None | N861: False
C862: 3affe297-1f1f-4df3-860f-8606141d9629 | D862: Family history of osteoporosis | E862: RISK_FACTOR | F862: None | G862: False | H862: True | I862: https://bbl.health/3MspNJHlTH | J862: Family history of osteoporosis | K862: False | L862: 3affe297-1f1f-4df3-860f-8606141d9629 | M862: Have either of your parents, or any siblings, ever been diagnosed with osteoporosis? | N862: False
C863: 1cac3678-3cac-5857-bad4-8252d5e56f86 | D863: Allergic Rhinitis | E863: DISEASE | F863: ENT | G863: False | H863: True | I863: https://bbl.health/OgUXdyHJsh | J863: Allergic rhinitis | K863: True | L863: 3b054648-06f6-4654-a071-f4fa93acaaeb | M863: Have you been diagnosed with hay fever, dust or fur allergies? | N863: False
C864: 3b4e363a-d16e-4ab6-b704-c03e605d2073 | D864: Symptom lasts more than 2 weeks | E864: SYMPTOM | F864: None | G864: False | H864: False | I864: https://bbl.health/b83wzl2W8x | J864: Symptom lasts more than 2 weeks | K864: False | L864: 3b4e363a-d16e-4ab6-b704-c03e605d2073 | M864: Have your symptoms lasted more than 2 weeks? | N864: False
C865: 3b6811f0-4650-4edd-8781-31d321727a5c | D865: Acute lower urinary tract infection | E865: DISEASE | F865: UROLOGY | G865: False | H865: True | I865: https://bbl.health/uJbzAXQ3P8 | J865: Urinary Tract Infection (UTI) | K865: False | L865: 3b6811f0-4650-4edd-8781-31d321727a5c | M865: None | N865: False
C866: 3b71eaf4-9e71-46f6-a6e9-c83f54db01a4 | D866: Recent long-haul flight | E866: RISK_FACTOR | F866: None | G866: False | H866: True | I866: https://bbl.health/jf8oqBUuuY | J866: Recent long haul flight | K866: False | L866: 3b71eaf4-9e71-46f6-a6e9-c83f54db01a4 | M866: Have you been on a long-haul flight (6+ hours) in the past week? | N866: False
... C1001: 5f1f922a-8a5b-4864-a31e-98896cb49177 | D1001: Requires a tetanus booster | E1001: RISK_FACTOR | F1001: None | G1001: False | H1001: True | I1001: https://bbl.health/74fef5dzoc | J1001: Received a Tetanus shot in the last 10 years | K1001: False | L1001: 5f1f922a-8a5b-4864-a31e-98896cb49177 | M1001: Have you had a tetanus shot in the past 10 years (Tdap or Td)? | N1001: False
A1002: Y | B1002: m-won't fix | C1002: 5f4de7a2-8f3f-4776-adde-82d24e0c5fdd | D1002: Hemiparesis | E1002: SYMPTOM | F1002: None | G1002: False | H1002: True | I1002: https://bbl.health/BCudWZ9EWb | J1002: Weakness on one side of the body | K1002: False | L1002: 5f4de7a2-8f3f-4776-adde-82d24e0c5fdd | M1002: Do you have weakness on one side of your body? | N1002: True
C1003: 5fd94a1a-c23a-4d6b-90b9-88f4e774da8b | D1003: FH: premature coronary heart disease | E1003: RISK_FACTOR | F1003: None | G1003: False | H1003: True | I1003: https://bbl.health/lREO8SmAU9 | J1003: Family history of coronary artery disease at a young age | K1003: False | L1003: 5fd94a1a-c23a-4d6b-90b9-88f4e774da8b | M1003: Have either of your parents or any siblings been diagnosed with heart disease at a young age? \\n In this case, young age means 55 and younger for men and 65 and younger for women. | N1003: False
C1004: 5fd9c5b9-1f10-45cc-a7ba-6bf586722db3 | D1004: Unsafe sanitation | E1004: RISK_FACTOR | F1004: None | G1004: False | H1004: True | I1004: https://bbl.health/RVTIV6PeTg | J1004: Unsafe sanitation | K1004: False | L1004: 5fd9c5b9-1f10-45cc-a7ba-6bf586722db3 | M1004: Do you use a toilet which is not connected to a sewer or septic tank, or one which is not a flush toilet? | N1004: False
...

Sheet associations_sept282021
A1: from_node_id | B1: to_node_id | C1: Concept names | D1: **note: node ids are post-drf mapping | E1: last updated sept 28 2021
A2: d56675c1-6ab7-4c64-9f87-beba5f6eeff0 | B2: 26feba86-1824-413f-84a2-1a7370c19590 | C2: Acute exacerbation of chronic obstructive airways disease -> Chest Pain at Rest
A3: 94467aba-a89c-4292-91ea-f523622e62b9 | B3: 3daeffeb-2c76-40b2-8bef-187fa1c899b1 | C3: Benign intracranial space occupying lesion -> Weakness of hand
A4: 2eeea714-756a-54bc-9f1d-ba579fb7b407 | B4: 98b299b5-1b3e-44de-89b5-78c624a9d4a4 | C4: Type 1 diabetes mellitus -> Vulvitis
A5: 7987e079-112d-468f-ab8d-5c9e6378e0a5 | B5: 0410b7fa-ddd7-4c7b-b544-2ce95bc2f800 | C5: AIDS -> Unintentional weight loss
A6: 8b8dd2eb-fba5-4c66-b863-bef4d116d593 | B6: 66792b41-c3b1-477f-9a91-7ee575a01b4b | C6: Duct ectasia -> Intermittent Pain of Breast
A7: e43db90b-f1fc-4b11-833d-7065a6cd95d2 | B7: 7e011c54-ba88-5e7b-b019-8829a48d43d4 | C7: Lifting heavy objects -> Uncomplicated femoral hernia
A8: cebe5a92-ea5e-4927-8ce4-ce0a11ab416b | B8: 5ad37faa-efa1-4a28-bfba-e8dc41283e20 | C8: Balanitis -> Erythema of male genitals
A9: 737ac07f-76e1-4fd6-995a-046e716fa94f | B9: cd4c5fb4-21bc-4e13-ac50-6eee8d24e769 | C9: Amoebiasis -> Duration of symptoms identified
A10: 5bff05cb-e08c-481e-ab65-69d59a57a682 | B10: f1714d47-e776-4788-969f-8adecc6457ba | C10: Obesity -> Ruptured abdominal aortic aneurysm
A11: f11242b8-f9cd-5010-9f2e-54ec798482a2 | B11: ef97a43a-33df-49fb-b552-56b51a7c1985 | C11: Gastritis -> Severe Left Upper Quadrant Pain
A12: 5de132ef-5d20-49b9-8f59-4a87c71f211e | B12: f5aaa5a5-b6b7-430d-b9e5-730794a794f1 | C12: Subarachnoid haemorrhage -> Ataxia
A13: bd9a340a-f40b-55a9-8725-a5b26c0367d3 | B13: cd939b8d-fcc3-599e-a0c6-a6d4a2f19f4d | C13: Hepatitis C -> Malignant neoplasm of liver
... A13438: 1b778514-33a0-4c3d-9208-d2567fee86f6 | B13438: e0ee0c4b-6481-4aa2-9010-244fc1d8a4fe | C13438: Colonic polyp -> Stabbing Right Upper Quadrant Pain

Sheet answers_us_deepsouth_8.9
A1: question_id | B1: question_text_key | C1: question_text | D1: url | E1: is_epi_question | F1: sex | G1: answer_id | H1: node_id | I1: answer_text_key | J1: answer_text | K1: answer_state | L1: can_multiselect | N1: source
A2: 00089354-415a-4651-9e17-370c8227adb7 | B2: question_00089354-415a-4651-9e17-370c8227adb7_text | C2: Is the swelling in your big toe? | D2: https://aim-dashboard.internal.babylontech.co.uk/questions/UXVlc3Rpb246MDAwODkzNTQtNDE1YS00NjUxLTllMTctMzcwYzgyMjdhZGI3 | E2: True | F2: unisex | G2: 8c855e4c-f5ba-4eac-86fe-ea2717c908b1 | H2: 8a5421fd-271d-4a09-84f5-2902540b4a18 | I2: answer_8c855e4c-f5ba-4eac-86fe-ea2717c908b1_text | J2: Yes | K2: present | L2: False | N2: https://github.com/babylonhealth/diagnostic-engine-models/blob/master/components/diagnostic_engine/us-deep-south-to-great-lakes-dolphin-8.9/all_questions.json
A3: 00089354-415a-4651-9e17-370c8227adb7 | B3: question_00089354-415a-4651-9e17-370c8227adb7_text | C3: Is the swelling in your big toe? | D3: https://aim-dashboard.internal.babylontech.co.uk/questions/UXVlc3Rpb246MDAwODkzNTQtNDE1YS00NjUxLTllMTctMzcwYzgyMjdhZGI3 | E3: True | F3: unisex | G3: 00089354-415a-4651-9e17-370c8227adb7_none | I3: question_00089354-415a-4651-9e17-370c8227adb7_none_text | J3: No | K3: absent | L3: False | N3: **US only**
A4: 00089354-415a-4651-9e17-370c8227adb7 | B4: question_00089354-415a-4651-9e17-370c8227adb7_text | C4: Is the swelling in your big toe? | D4: https://aim-dashboard.internal.babylontech.co.uk/questions/UXVlc3Rpb246MDAwODkzNTQtNDE1YS00NjUxLTllMTctMzcwYzgyMjdhZGI3 | E4: True | F4: unisex | G4: 00089354-415a-4651-9e17-370c8227adb7_unknown | I4: dont_know | J4: I don't know | K4: unknown | L4: False
A5: 001fa650-28b0-49a1-b36d-76503257d798 | B5: node_001fa650-28b0-49a1-b36d-76503257d798_layman_question | C5: Do you have pain in your penis? | D5: https://aim-dashboard.internal.babylontech.co.uk/concept/Q29uY2VwdDowMDFmYTY1MC0yOGIwLTQ5YTEtYjM2ZC03NjUwMzI1N2Q3OTg= | E5: True | F5: male_only | G5: 001fa650-28b0-49a1-b36d-76503257d798_present | H5: 001fa650-28b0-49a1-b36d-76503257d798 | I5: node_001fa650-28b0-49a1-b36d-76503257d798_layman_question_yes | J5: Yes | K5: present | L5: False
A6: 001fa650-28b0-49a1-b36d-76503257d798 | B6: node_001fa650-28b0-49a1-b36d-76503257d798_layman_question | C6: Do you have pain in your penis? | D6: https://aim-dashboard.internal.babylontech.co.uk/concept/Q29uY2VwdDowMDFmYTY1MC0yOGIwLTQ5YTEtYjM2ZC03NjUwMzI1N2Q3OTg= | E6: True | F6: male_only | G6: 001fa650-28b0-49a1-b36d-76503257d798_absent | H6: 001fa650-28b0-49a1-b36d-76503257d798 | I6: node_001fa650-28b0-49a1-b36d-76503257d798_layman_question_no | J6: No | K6: absent | L6: False
A7: 001fa650-28b0-49a1-b36d-76503257d798 | B7: node_001fa650-28b0-49a1-b36d-76503257d798_layman_question | C7: Do you have pain in your penis? | D7: https://aim-dashboard.internal.babylontech.co.uk/concept/Q29uY2VwdDowMDFmYTY1MC0yOGIwLTQ5YTEtYjM2ZC03NjUwMzI1N2Q3OTg= | E7: True | F7: male_only | G7: 001fa650-28b0-49a1-b36d-76503257d798_unknown | I7: dont_know | J7: I don't know | K7: unknown | L7: False
A8: 00aace0c-fb7a-466d-9371-d36cd1cd2aa3 | B8: node_00aace0c-fb7a-466d-9371-d36cd1cd2aa3_layman_question | C8: Have you been exposed to lice or mites, for example through living in close quarters or sharing clothing/towels with other people? | D8: https://aim-dashboard.internal.babylontech.co.uk/concept/Q29uY2VwdDowMGFhY2UwYy1mYjdhLTQ2NmQtOTM3MS1kMzZjZDFjZDJhYTM= | E8: True | F8: unisex | G8: 00aace0c-fb7a-466d-9371-d36cd1cd2aa3_present | H8: 00aace0c-fb7a-466d-9371-d36cd1cd2aa3 | I8: node_00aace0c-fb7a-466d-9371-d36cd1cd2aa3_layman_question_yes | J8: Yes | K8: present | L8: False
A9: 00aace0c-fb7a-466d-9371-d36cd1cd2aa3 | B9: node_00aace0c-fb7a-466d-9371-d36cd1cd2aa3_layman_question | C9: Have you been exposed to lice or mites, for example through living in close quarters or sharing clothing/towels with other people? | D9: https://aim-dashboard.internal.babylontech.co.uk/concept/Q29uY2VwdDowMGFhY2UwYy1mYjdhLTQ2NmQtOTM3MS1kMzZjZDFjZDJhYTM= | E9: True | F9: unisex | G9: 00aace0c-fb7a-466d-9371-d36cd1cd2aa3_absent | H9: 00aace0c-fb7a-466d-9371-d36cd1cd2aa3 | I9: node_00aace0c-fb7a-466d-9371-d36cd1cd2aa3_layman_question_no | J9: No | K9: absent | L9: False
A10: 00aace0c-fb7a-466d-9371-d36cd1cd2aa3 | B10: node_00aace0c-fb7a-466d-9371-d36cd1cd2aa3_layman_question | C10: Have you been exposed to lice or mites, for example through living in close quarters or sharing clothing/towels with other people? | D10: https://aim-dashboard.internal.babylontech.co.uk/concept/Q29uY2VwdDowMGFhY2UwYy1mYjdhLTQ2NmQtOTM3MS1kMzZjZDFjZDJhYTM= | E10: True | F10: unisex | G10: 00aace0c-fb7a-466d-9371-d36cd1cd2aa3_unknown | I10: dont_know | J10: I don't know | K10: unknown | L10: False
A11: 00be17ce-bd15-48f0-9b35-a5679959a152 | B11: node_00be17ce-bd15-48f0-9b35-a5679959a152_layman_question | C11: Is your diet lacking in iodine-rich foods, like seaweed or fish? | D11: https://aim-dashboard.internal.babylontech.co.uk/concept/Q29uY2VwdDowMGJlMTdjZS1iZDE1LTQ4ZjAtOWIzNS1hNTY3OTk1OWExNTI= | E11: True | F11: unisex | G11: 00be17ce-bd15-48f0-9b35-a5679959a152_present | H11: 00be17ce-bd15-48f0-9b35-a5679959a152 | I11: node_00be17ce-bd15-48f0-9b35-a5679959a152_layman_question_yes | J11: Yes | K11: present | L11: False
A12: 00be17ce-bd15-48f0-9b35-a5679959a152 | B12: node_00be17ce-bd15-48f0-9b35-a5679959a152_layman_question | C12: Is your diet lacking in iodine-rich foods, like seaweed or fish? | D12: https://aim-dashboard.internal.babylontech.co.uk/concept/Q29uY2VwdDowMGJlMTdjZS1iZDE1LTQ4ZjAtOWIzNS1hNTY3OTk1OWExNTI= | E12: True | F12: unisex | G12: 00be17ce-bd15-48f0-9b35-a5679959a152_absent | H12: 00be17ce-bd15-48f0-9b35-a5679959a152 | I12: node_00be17ce-bd15-48f0-9b35-a5679959a152_layman_question_no | J12: No | K12: absent | L12: False
A13: 00be17ce-bd15-48f0-9b35-a5679959a152 | B13: node_00be17ce-bd15-48f0-9b35-a5679959a152_layman_question | C13: Is your diet lacking in iodine-rich foods, like seaweed or fish? | D13: https://aim-dashboard.internal.babylontech.co.uk/concept/Q29uY2VwdDowMGJlMTdjZS1iZDE1LTQ4ZjAtOWIzNS1hNTY3OTk1OWExNTI= | E13: True | F13: unisex | G13: 00be17ce-bd15-48f0-9b35-a5679959a152_unknown | I13: dont_know | J13: I don't know | K13: unknown | L13: False
A14: 00e3e875-e2b7-460a-ba39-465eb823d8b6 | B14: question_00e3e875-e2b7-460a-ba39-465eb823d8b6_text | C14: Where is the pain in your finger or fingers? | D14: https://aim-dashboard.internal.babylontech.co.uk/questions/UXVlc3Rpb246MDBlM2U4NzUtZTJiNy00NjBhLWJhMzktNDY1ZWI4MjNkOGI2 | E14: True | F14: unisex | G14: 3842e20c-defc-4d97-96b2-ab5d356932a6 | H14: d013c831-3980-4786-81b7-054a3a82cbae | I14: answer_3842e20c-defc-4d97-96b2-ab5d356932a6_text | J14: The finger joint below my nail | K14: present | L14: True
A15: 00e3e875-e2b7-460a-ba39-465eb823d8b6 | B15: question_00e3e875-e2b7-460a-ba39-465eb823d8b6_text | C15: Where is the pain in your finger or fingers? | D15: https://aim-dashboard.internal.babylontech.co.uk/questions/UXVlc3Rpb246MDBlM2U4NzUtZTJiNy00NjBhLWJhMzktNDY1ZWI4MjNkOGI2 | E15: True | F15: unisex | G15: 053ec21e-98d0-4e67-92b2-d7389aa9d543 | H15: 2e1a6ba6-e4c3-409d-b1d2-52ec8cd7a71e | I15: answer_053ec21e-98d0-4e67-92b2-d7389aa9d543_text | J15: The joint in the middle of my finger | K15: present | L15: True
A16: 00e3e875-e2b7-460a-ba39-465eb823d8b6 | B16: question_00e3e875-e2b7-460a-ba39-465eb823d8b6_text | C16: Where is the pain in your finger or fingers? | D16: https://aim-dashboard.internal.babylontech.co.uk/questions/UXVlc3Rpb246MDBlM2U4NzUtZTJiNy00NjBhLWJhMzktNDY1ZWI4MjNkOGI2 | E16: True | F16: unisex | G16: 00e3e875-e2b7-460a-ba39-465eb823d8b6_none | I16: question_00e3e875-e2b7-460a-ba39-465eb823d8b6_none_text | J16: Somewhere else | K16: absent | L16: False
A17: 01029c68-0a2a-4a0c-872d-10311a774b61 | B17: node_01029c68-0a2a-4a0c-872d-10311a774b61_layman_question | C17: Is you top-mid abdominal pain worse when lying down? | D17: https://aim-dashboard.internal.babylontech.co.uk/concept/Q29uY2VwdDowMTAyOWM2OC0wYTJhLTRhMGMtODcyZC0xMDMxMWE3NzRiNjE= | E17: True | F17: unisex | G17: 01029c68-0a2a-4a0c-872d-10311a774b61_present | H17: 01029c68-0a2a-4a0c-872d-10311a774b61 | I17: node_01029c68-0a2a-4a0c-872d-10311a774b61_layman_question_yes | J17: Yes | K17: present | L17: False
A18: 01029c68-0a2a-4a0c-872d-10311a774b61 | B18: node_01029c68-0a2a-4a0c-872d-10311a774b61_layman_question | C18: Is you top-mid abdominal pain worse when lying down? | D18: https://aim-dashboard.internal.babylontech.co.uk/concept/Q29uY2VwdDowMTAyOWM2OC0wYTJhLTRhMGMtODcyZC0xMDMxMWE3NzRiNjE= | E18: True | F18: unisex | G18: 01029c68-0a2a-4a0c-872d-10311a774b61_absent | H18: 01029c68-0a2a-4a0c-872d-10311a774b61 | I18: node_01029c68-0a2a-4a0c-872d-10311a774b61_layman_question_no | J18: No | K18: absent | L18: False
A19: 01029c68-0a2a-4a0c-872d-10311a774b61 | B19: node_01029c68-0a2a-4a0c-872d-10311a774b61_layman_question | C19: Is you top-mid abdominal pain worse when lying down? | D19: https://aim-dashboard.internal.babylontech.co.uk/concept/Q29uY2VwdDowMTAyOWM2OC0wYTJhLTRhMGMtODcyZC0xMDMxMWE3NzRiNjE= | E19: True | F19: unisex | G19: 01029c68-0a2a-4a0c-872d-10311a774b61_unknown | I19: dont_know | J19: I don't know | K19: unknown | L19: False
A20: 0149095c-6184-5a0b-96c6-10fb339e6ebe | B20: node_51e635a1-4937-4098-afa3-372a644185d4_layman_question | C20: Have you been diagnosed with bile duct cancer? | D20: https://aim-dashboard.internal.babylontech.co.uk/concept/Q29uY2VwdDowMTQ5MDk1Yy02MTg0LTVhMGItOTZjNi0xMGZiMzM5ZTZlYmU= | E20: True | F20: unisex | G20: 0149095c-6184-5a0b-96c6-10fb339e6ebe_present | H20: 0149095c-6184-5a0b-96c6-10fb339e6ebe | I20: node_51e635a1-4937-4098-afa3-372a644185d4_layman_question_yes | J20: Yes | K20: present | L20: False
A21: 0149095c-6184-5a0b-96c6-10fb339e6ebe | B21: node_51e635a1-4937-4098-afa3-372a644185d4_layman_question | C21: Have you been diagnosed with bile duct cancer? | D21: https://aim-dashboard.internal.babylontech.co.uk/concept/Q29uY2VwdDowMTQ5MDk1Yy02MTg0LTVhMGItOTZjNi0xMGZiMzM5ZTZlYmU= | E21: True | F21: unisex | G21: 0149095c-6184-5a0b-96c6-10fb339e6ebe_absent | H21: 0149095c-6184-5a0b-96c6-10fb339e6ebe | I21: node_51e635a1-4937-4098-afa3-372a644185d4_layman_question_no | J21: No | K21: absent | L21: False
A22: 0149095c-6184-5a0b-96c6-10fb339e6ebe | B22: node_51e635a1-4937-4098-afa3-372a644185d4_layman_question | C22: Have you been diagnosed with bile duct cancer? | D22: https://aim-dashboard.internal.babylontech.co.uk/concept/Q29uY2VwdDowMTQ5MDk1Yy02MTg0LTVhMGItOTZjNi0xMGZiMzM5ZTZlYmU= | E22: True | F22: unisex | G22: 0149095c-6184-5a0b-96c6-10fb339e6ebe_unknown | I22: dont_know | J22: I don't know | K22: unknown | L22: False
A23: 0193e1b5-fd51-451c-bf0f-70ee849c079f | B23: question_0193e1b5-fd51-451c-bf0f-70ee849c079f_text | C23: When you have sex, where is the pain in your vagina? | D23: https://aim-dashboard.internal.babylontech.co.uk/questions/UXVlc3Rpb246MDE5M2UxYjUtZmQ1MS00NTFjLWJmMGYtNzBlZTg0OWMwNzlm | E23: True | F23: female_only | G23: 5f81e606-ee06-44e9-8fbb-6da6d23bf41a | H23: 9899d2c6-a37b-4c68-b6ea-415654d0ae2a | I23: answer_5f81e606-ee06-44e9-8fbb-6da6d23bf41a_text | J23: At the entrance or around the outside | K23: present | L23: True
A24: 0193e1b5-fd51-451c-bf0f-70ee849c079f | B24: question_0193e1b5-fd51-451c-bf0f-70ee849c079f_text | C24: When you have sex, where is the pain in your vagina? | D24: https://aim-dashboard.internal.babylontech.co.uk/questions/UXVlc3Rpb246MDE5M2UxYjUtZmQ1MS00NTFjLWJmMGYtNzBlZTg0OWMwNzlm | E24: True | F24: female_only | G24: b077d938-f1f0-421d-87b9-80c24abbed06 | H24: e2d8a490-efb1-45c6-b807-25b183e20c9f | I24: answer_b077d938-f1f0-421d-87b9-80c24abbed06_text | J24: Deep inside | K24: present | L24: True
A25: 0193e1b5-fd51-451c-bf0f-70ee849c079f | B25: question_0193e1b5-fd51-451c-bf0f-70ee849c079f_text | C25: When you have sex, where is the pain in your vagina? | D25: https://aim-dashboard.internal.babylontech.co.uk/questions/UXVlc3Rpb246MDE5M2UxYjUtZmQ1MS00NTFjLWJmMGYtNzBlZTg0OWMwNzlm | E25: True | F25: female_only | G25: 0193e1b5-fd51-451c-bf0f-70ee849c079f_unknown | I25: dont_know | J25: I don't know | K25: unknown | L25: False
A26: 019b0e3a-d932-4694-8014-c4c7615d6191 | B26: node_019b0e3a-d932-4694-8014-c4c7615d6191_layman_question | C26: Have you had sex in the last 6 months without using condoms and without being covered by another form of reliable contraception which you use effectively? | D26: https://aim-dashboard.internal.babylontech.co.uk/concept/Q29uY2VwdDowMTliMGUzYS1kOTMyLTQ2OTQtODAxNC1jNGM3NjE1ZDYxOTE= | E26: True | F26: female_only | G26: 019b0e3a-d932-4694-8014-c4c7615d6191_present | H26: 019b0e3a-d932-4694-8014-c4c7615d6191 | I26: node_019b0e3a-d932-4694-8014-c4c7615d6191_layman_question_yes | J26: Yes | K26: present | L26: False
A27: 019b0e3a-d932-4694-8014-c4c7615d6191 | B27: node_019b0e3a-d932-4694-8014-c4c7615d6191_layman_question | C27: Have you had sex in the last 6 months without using condoms and without being covered by another form of reliable contraception which you use effectively? | D27: https://aim-dashboard.internal.babylontech.co.uk/concept/Q29uY2VwdDowMTliMGUzYS1kOTMyLTQ2OTQtODAxNC1jNGM3NjE1ZDYxOTE= | E27: True | F27: female_only | G27: 019b0e3a-d932-4694-8014-c4c7615d6191_absent | H27: 019b0e3a-d932-4694-8014-c4c7615d6191 | I27: node_019b0e3a-d932-4694-8014-c4c7615d6191_layman_question_no | J27: No | K27: absent | L27: False
A28: 019b0e3a-d932-4694-8014-c4c7615d6191 | B28: node_019b0e3a-d932-4694-8014-c4c7615d6191_layman_question | C28: Have you had sex in the last 6 months without using condoms and without being covered by another form of reliable contraception which you use effectively? | D28: https://aim-dashboard.internal.babylontech.co.uk/concept/Q29uY2VwdDowMTliMGUzYS1kOTMyLTQ2OTQtODAxNC1jNGM3NjE1ZDYxOTE= | E28: True | F28: female_only | G28: 019b0e3a-d932-4694-8014-c4c7615d6191_unknown | I28: dont_know | J28: I don't know | K28: unknown | L28: False
A29: 023cb322-5a92-4e38-bf07-a9aa0fbe28bb | B29: question_023cb322-5a92-4e38-bf07-a9aa0fbe28bb_text | C29: Does your top middle abdominal pain come and go or is it there constantly? | D29: https://aim-dashboard.internal.babylontech.co.uk/questions/UXVlc3Rpb246MDIzY2IzMjItNWE5Mi00ZTM4LWJmMDctYTlhYTBmYmUyOGJi | E29: True | F29: unisex | G29: 58ddb338-1d8c-4001-9e3d-c078641802a1 | H29: 0f0c86a2-0729-47e8-9761-6d7cc17e7838 | I29: answer_58ddb338-1d8c-4001-9e3d-c078641802a1_text | J29: It's constant | K29: present | L29: False
A30: 023cb322-5a92-4e38-bf07-a9aa0fbe28bb | B30: question_023cb322-5a92-4e38-bf07-a9aa0fbe28bb_text | C30: Does your top middle abdominal pain come and go or is it there constantly? | D30: https://aim-dashboard.internal.babylontech.co.uk/questions/UXVlc3Rpb246MDIzY2IzMjItNWE5Mi00ZTM4LWJmMDctYTlhYTBmYmUyOGJi | E30: True | F30: unisex | G30: b1feb576-8298-4ceb-bffd-5b39da10d072 | H30: cfdc1f91-be39-43ba-adee-8c6f073dc96a | I30: answer_b1feb576-8298-4ceb-bffd-5b39da10d072_text | J30: The pain comes and goes | K30: present | L30: False
A31: 025ddbca-dbe4-5268-929c-ba0a8c3a36a2 | B31: node_212765ec-e8e8-41f6-995b-4c623df8d8bb_layman_question | C31: Have you been diagnosed with chronic lymphocytic leukemia (CLL)? | D31: https://aim-dashboard.internal.babylontech.co.uk/concept/Q29uY2VwdDowMjVkZGJjYS1kYmU0LTUyNjgtOTI5Yy1iYTBhOGMzYTM2YTI= | E31: True | F31: unisex | G31: 025ddbca-dbe4-5268-929c-ba0a8c3a36a2_present | H31: 025ddbca-dbe4-5268-929c-ba0a8c3a36a2 | I31: node_212765ec-e8e8-41f6-995b-4c623df8d8bb_layman_question_yes | J31: Yes | K31: present | L31: False
A32: 025ddbca-dbe4-5268-929c-ba0a8c3a36a2 | B32: node_212765ec-e8e8-41f6-995b-4c623df8d8bb_layman_question | C32: Have you been diagnosed with chronic lymphocytic leukemia (CLL)? | D32: https://aim-dashboard.internal.babylontech.co.uk/concept/Q29uY2VwdDowMjVkZGJjYS1kYmU0LTUyNjgtOTI5Yy1iYTBhOGMzYTM2YTI= | E32: True | F32: unisex | G32: 025ddbca-dbe4-5268-929c-ba0a8c3a36a2_absent | H32: 025ddbca-dbe4-5268-929c-ba0a8c3a36a2 | I32: node_212765ec-e8e8-41f6-995b-4c623df8d8bb_layman_question_no | J32: No | K32: absent | L32: False
A33: 025ddbca-dbe4-5268-929c-ba0a8c3a36a2 | B33: node_212765ec-e8e8-41f6-995b-4c623df8d8bb_layman_question | C33: Have you been diagnosed with chronic lymphocytic leukemia (CLL)? | D33: https://aim-dashboard.internal.babylontech.co.uk/concept/Q29uY2VwdDowMjVkZGJjYS1kYmU0LTUyNjgtOTI5Yy1iYTBhOGMzYTM2YTI= | E33: True | F33: unisex | G33: 025ddbca-dbe4-5268-929c-ba0a8c3a36a2_unknown | I33: dont_know | J33: I don't know | K33: unknown | L33: False
A34: 029177e2-337b-4a7d-a596-cd4779c6471e | B34: node_029177e2-337b-4a7d-a596-cd4779c6471e_layman_question | C34: Have you ever had a panic attack? | D34: https://aim-dashboard.internal.babylontech.co.uk/concept/Q29uY2VwdDowMjkxNzdlMi0zMzdiLTRhN2QtYTU5Ni1jZDQ3NzljNjQ3MWU= | E34: True | F34: unisex | G34: 029177e2-337b-4a7d-a596-cd4779c6471e_present | H34: 029177e2-337b-4a7d-a596-cd4779c6471e | I34: node_029177e2-337b-4a7d-a596-cd4779c6471e_layman_question_yes | J34: Yes | K34: present | L34: False
A35: 029177e2-337b-4a7d-a596-cd4779c6471e | B35: node_029177e2-337b-4a7d-a596-cd4779c6471e_layman_question | C35: Have you ever had a panic attack? | D35: https://aim-dashboard.internal.babylontech.co.uk/concept/Q29uY2VwdDowMjkxNzdlMi0zMzdiLTRhN2QtYTU5Ni1jZDQ3NzljNjQ3MWU= | E35: True | F35: unisex | G35: 029177e2-337b-4a7d-a596-cd4779c6471e_absent | H35: 029177e2-337b-4a7d-a596-cd4779c6471e | I35: node_029177e2-337b-4a7d-a596-cd4779c6471e_layman_question_no | J35: No | K35: absent | L35: False
A36: 029177e2-337b-4a7d-a596-cd4779c6471e | B36: node_029177e2-337b-4a7d-a596-cd4779c6471e_layman_question | C36: Have you ever had a panic attack? | D36: https://aim-dashboard.internal.babylontech.co.uk/concept/Q29uY2VwdDowMjkxNzdlMi0zMzdiLTRhN2QtYTU5Ni1jZDQ3NzljNjQ3MWU= | E36: True | F36: unisex | G36: 029177e2-337b-4a7d-a596-cd4779c6471e_unknown | I36: dont_know | J36: I don't know | K36: unknown | L36: False
A37: 02c2d502-49ab-4ce9-89a4-a4bcb51732f1 | B37: node_02c2d502-49ab-4ce9-89a4-a4bcb51732f1_layman_question | C37: Have you noticed a lump or swelling in the left lower part of the stomach which used to come and go but is now stuck out? | D37: https://aim-dashboard.internal.babylontech.co.uk/concept/Q29uY2VwdDowMmMyZDUwMi00OWFiLTRjZTktODlhNC1hNGJjYjUxNzMyZjE= | E37: True | F37: unisex | G37: 02c2d502-49ab-4ce9-89a4-a4bcb51732f1_present | H37: 02c2d502-49ab-4ce9-89a4-a4bcb51732f1 | I37: node_02c2d502-49ab-4ce9-89a4-a4bcb51732f1_layman_question_yes | J37: Yes | K37: present | L37: False
A38: 02c2d502-49ab-4ce9-89a4-a4bcb51732f1 | B38: node_02c2d502-49ab-4ce9-89a4-a4bcb51732f1_layman_question | C38: Have you noticed a lump or swelling in the left lower part of the stomach which used to come and go but is now stuck out? | D38: https://aim-dashboard.internal.babylontech.co.uk/concept/Q29uY2VwdDowMmMyZDUwMi00OWFiLTRjZTktODlhNC1hNGJjYjUxNzMyZjE= | E38: True | F38: unisex | G38: 02c2d502-49ab-4ce9-89a4-a4bcb51732f1_absent | H38: 02c2d502-49ab-4ce9-89a4-a4bcb51732f1 | I38: node_02c2d502-49ab-4ce9-89a4-a4bcb51732f1_layman_question_no | J38: No | K38: absent | L38: False
A39: 02c2d502-49ab-4ce9-89a4-a4bcb51732f1 | B39: node_02c2d502-49ab-4ce9-89a4-a4bcb51732f1_layman_question | C39: Have you noticed a lump or swelling in the left lower part of the stomach which used to come and go but is now stuck out? | D39: https://aim-dashboard.internal.babylontech.co.uk/concept/Q29uY2VwdDowMmMyZDUwMi00OWFiLTRjZTktODlhNC1hNGJjYjUxNzMyZjE= | E39: True | F39: unisex | G39: 02c2d502-49ab-4ce9-89a4-a4bcb51732f1_unknown | I39: dont_know | J39: I don't know | K39: unknown | L39: False
A40: 02dbf285-3be3-5ebc-aeb3-9b9e2de35abc | B40: node_9166a645-d6c4-4811-86e7-0d5d4d962991_layman_question | C40: Have you been diagnosed with hyperthyroidism (over active thyroid)? | D40: https://aim-dashboard.internal.babylontech.co.uk/concept/Q29uY2VwdDowMmRiZjI4NS0zYmUzLTVlYmMtYWViMy05YjllMmRlMzVhYmM= | E40: True | F40: unisex | G40: 02dbf285-3be3-5ebc-aeb3-9b9e2de35abc_present | H40: 02dbf285-3be3-5ebc-aeb3-9b9e2de35abc | I40: node_9166a645-d6c4-4811-86e7-0d5d4d962991_layman_question_yes | J40: Yes | K40: present | L40: False
A41: 02dbf285-3be3-5ebc-aeb3-9b9e2de35abc | B41: node_9166a645-d6c4-4811-86e7-0d5d4d962991_layman_question | C41: Have you been diagnosed with hyperthyroidism (over active thyroid)? | D41: https://aim-dashboard.internal.babylontech.co.uk/concept/Q29uY2VwdDowMmRiZjI4NS0zYmUzLTVlYmMtYWViMy05YjllMmRlMzVhYmM= | E41: True | F41: unisex | G41: 02dbf285-3be3-5ebc-aeb3-9b9e2de35abc_absent | H41: 02dbf285-3be3-5ebc-aeb3-9b9e2de35abc | I41: node_9166a645-d6c4-4811-86e7-0d5d4d962991_layman_question_no | J41: No | K41: absent | L41: False
A42: 02dbf285-3be3-5ebc-aeb3-9b9e2de35abc | B42: node_9166a645-d6c4-4811-86e7-0d5d4d962991_layman_question | C42: Have you been diagnosed with hyperthyroidism (over active thyroid)? | D42: https://aim-dashboard.internal.babylontech.co.uk/concept/Q29uY2VwdDowMmRiZjI4NS0zYmUzLTVlYmMtYWViMy05YjllMmRlMzVhYmM= | E42: True | F42: unisex | G42: 02dbf285-3be3-5ebc-aeb3-9b9e2de35abc_unknown | I42: dont_know | J42: I don't know | K42: unknown | L42: False
A43: 02dff1f4-d67a-4e43-85a9-d83eb6259c50 | B43: node_02dff1f4-d67a-4e43-85a9-d83eb6259c50_layman_question | C43: Is the pain in the top right of your abdomen there constantly? | D43: https://aim-dashboard.internal.babylontech.co.uk/concept/Q29uY2VwdDowMmRmZjFmNC1kNjdhLTRlNDMtODVhOS1kODNlYjYyNTljNTA= | E43: True | F43: unisex | G43: 02dff1f4-d67a-4e43-85a9-d83eb6259c50_present | H43: 02dff1f4-d67a-4e43-85a9-d83eb6259c50 | I43: node_02dff1f4-d67a-4e43-85a9-d83eb6259c50_layman_question_yes | J43: Yes | K43: present | L43: False
A44: 02dff1f4-d67a-4e43-85a9-d83eb6259c50 | B44: node_02dff1f4-d67a-4e43-85a9-d83eb6259c50_layman_question | C44: Is the pain in the top right of your abdomen there constantly? | D44: https://aim-dashboard.internal.babylontech.co.uk/concept/Q29uY2VwdDowMmRmZjFmNC1kNjdhLTRlNDMtODVhOS1kODNlYjYyNTljNTA= | E44: True | F44: unisex | G44: 02dff1f4-d67a-4e43-85a9-d83eb6259c50_absent | H44: 02dff1f4-d67a-4e43-85a9-d83eb6259c50 | I44: node_02dff1f4-d67a-4e43-85a9-d83eb6259c50_layman_question_no | J44: No | K44: absent | L44: False
A45: 02dff1f4-d67a-4e43-85a9-d83eb6259c50 | B45: node_02dff1f4-d67a-4e43-85a9-d83eb6259c50_layman_question | C45: Is the pain in the top right of your abdomen there constantly? | D45: https://aim-dashboard.internal.babylontech.co.uk/concept/Q29uY2VwdDowMmRmZjFmNC1kNjdhLTRlNDMtODVhOS1kODNlYjYyNTljNTA= | E45: True | F45: unisex | G45: 02dff1f4-d67a-4e43-85a9-d83eb6259c50_unknown | I45: dont_know | J45: I don't know | K45: unknown | L45: False
A46: 03064a04-1a64-46ec-8e0c-3c4f0a85edc6 | B46: node_03064a04-1a64-46ec-8e0c-3c4f0a85edc6_layman_question | C46: Have either of your parents or any siblings been diagnosed with allergies, asthma, eczema or hay fever? | D46: https://aim-dashboard.internal.babylontech.co.uk/concept/Q29uY2VwdDowMzA2NGEwNC0xYTY0LTQ2ZWMtOGUwYy0zYzRmMGE4NWVkYzY= | E46: True | F46: unisex | G46: 03064a04-1a64-46ec-8e0c-3c4f0a85edc6_present | H46: 03064a04-1a64-46ec-8e0c-3c4f0a85edc6 | I46: node_03064a04-1a64-46ec-8e0c-3c4f0a85edc6_layman_question_yes | J46: Yes | K46: present | L46: False
A47: 03064a04-1a64-46ec-8e0c-3c4f0a85edc6 | B47: node_03064a04-1a64-46ec-8e0c-3c4f0a85edc6_layman_question | C47: Have either of your parents or any siblings been diagnosed with allergies, asthma, eczema or hay fever? | D47: https://aim-dashboard.internal.babylontech.co.uk/concept/Q29uY2VwdDowMzA2NGEwNC0xYTY0LTQ2ZWMtOGUwYy0zYzRmMGE4NWVkYzY= | E47: True | F47: unisex | G47: 03064a04-1a64-46ec-8e0c-3c4f0a85edc6_absent | H47: 03064a04-1a64-46ec-8e0c-3c4f0a85edc6 | I47: node_03064a04-1a64-46ec-8e0c-3c4f0a85edc6_layman_question_no | J47: No | K47: absent | L47: False
A48: 03064a04-1a64-46ec-8e0c-3c4f0a85edc6 | B48: node_03064a04-1a64-46ec-8e0c-3c4f0a85edc6_layman_question | C48: Have either of your parents or any siblings been diagnosed with allergies, asthma, eczema or hay fever? | D48: https://aim-dashboard.internal.babylontech.co.uk/concept/Q29uY2VwdDowMzA2NGEwNC0xYTY0LTQ2ZWMtOGUwYy0zYzRmMGE4NWVkYzY= | E48: True | F48: unisex | G48: 03064a04-1a64-46ec-8e0c-3c4f0a85edc6_unknown | I48: dont_know | J48: I don't know | K48: unknown | L48: False
A49: 035d24e1-beff-47e8-92fe-0c9621ac7e74 | B49: node_035d24e1-beff-47e8-92fe-0c9621ac7e74_layman_question | C49: Did you lose your vision temporarily in one or both eyes? | D49: https://aim-dashboard.internal.babylontech.co.uk/concept/Q29uY2VwdDowMzVkMjRlMS1iZWZmLTQ3ZTgtOTJmZS0wYzk2MjFhYzdlNzQ= | E49: True | F49: unisex | G49: 035d24e1-beff-47e8-92fe-0c9621ac7e74_present | H49: 035d24e1-beff-47e8-92fe-0c9621ac7e74 | I49: node_035d24e1-beff-47e8-92fe-0c9621ac7e74_layman_question_yes | J49: Yes | K49: present | L49: False
A50: 035d24e1-beff-47e8-92fe-0c9621ac7e74 | B50: node_035d24e1-beff-47e8-92fe-0c9621ac7e74_layman_question | C50: Did you lose your vision temporarily in one or both eyes? | D50: https://aim-dashboard.internal.babylontech.co.uk/concept/Q29uY2VwdDowMzVkMjRlMS1iZWZmLTQ3ZTgtOTJmZS0wYzk2MjFhYzdlNzQ= | E50: True | F50: unisex | G50: 035d24e1-beff-47e8-92fe-0c9621ac7e74_absent | H50: 035d24e1-beff-47e8-92fe-0c9621ac7e74 | I50: node_035d24e1-beff-47e8-92fe-0c9621ac7e74_layman_question_no | J50: No | K50: absent | L50: False
A51: 035d24e1-beff-47e8-92fe-0c9621ac7e74 | B51: node_035d24e1-beff-47e8-92fe-0c9621ac7e74_layman_question | C51: Did you lose your vision temporarily in one or both eyes? | D51: https://aim-dashboard.internal.babylontech.co.uk/concept/Q29uY2VwdDowMzVkMjRlMS1iZWZmLTQ3ZTgtOTJmZS0wYzk2MjFhYzdlNzQ= | E51: True | F51: unisex | G51: 035d24e1-beff-47e8-92fe-0c9621ac7e74_unknown | I51: dont_know | J51: I don't know | K51: unknown | L51: False
A52: 03a12644-a017-4eec-ad0e-e30d13a0d6ba | B52: node_03a12644-a017-4eec-ad0e-e30d13a0d6ba_layman_question | C52: Do you have pain over the outer aspect of your elbow which is worse with movement? | D52: https://aim-dashboard.internal.babylontech.co.uk/concept/Q29uY2VwdDowM2ExMjY0NC1hMDE3LTRlZWMtYWQwZS1lMzBkMTNhMGQ2YmE= | E52: True | F52: unisex | G52: 03a12644-a017-4eec-ad0e-e30d13a0d6ba_present | H52: 03a12644-a017-4eec-ad0e-e30d13a0d6ba | I52: node_03a12644-a017-4eec-ad0e-e30d13a0d6ba_layman_question_yes | J52: Yes | K52: present | L52: False
A53: 03a12644-a017-4eec-ad0e-e30d13a0d6ba | B53: node_03a12644-a017-4eec-ad0e-e30d13a0d6ba_layman_question | C53: Do you have pain over the outer aspect of your elbow which is worse with movement? | D53: https://aim-dashboard.internal.babylontech.co.uk/concept/Q29uY2VwdDowM2ExMjY0NC1hMDE3LTRlZWMtYWQwZS1lMzBkMTNhMGQ2YmE= | E53: True | F53: unisex | G53: 03a12644-a017-4eec-ad0e-e30d13a0d6ba_absent | H53: 03a12644-a017-4eec-ad0e-e30d13a0d6ba | I53: node_03a12644-a017-4eec-ad0e-e30d13a0d6ba_layman_question_no | J53: No | K53: absent | L53: False
A54: 03a12644-a017-4eec-ad0e-e30d13a0d6ba | B54: node_03a12644-a017-4eec-ad0e-e30d13a0d6ba_layman_question | C54: Do you have pain over the outer aspect of your elbow which is worse with movement? | D54: https://aim-dashboard.internal.babylontech.co.uk/concept/Q29uY2VwdDowM2ExMjY0NC1hMDE3LTRlZWMtYWQwZS1lMzBkMTNhMGQ2YmE= | E54: True | F54: unisex | G54: 03a12644-a017-4eec-ad0e-e30d13a0d6ba_unknown | I54: dont_know | J54: I don't know | K54: unknown | L54: False
A55: 03af599d-10b1-419d-801c-dd67c63e4ce1 | B55: node_03af599d-10b1-419d-801c-dd67c63e4ce1_layman_question | C55: Did your top left abdominal pain come on suddenly? | D55: https://aim-dashboard.internal.babylontech.co.uk/concept/Q29uY2VwdDowM2FmNTk5ZC0xMGIxLTQxOWQtODAxYy1kZDY3YzYzZTRjZTE= | E55: True | F55: unisex | G55: 03af599d-10b1-419d-801c-dd67c63e4ce1_present | H55: 03af599d-10b1-419d-801c-dd67c63e4ce1 | I55: node_03af599d-10b1-419d-801c-dd67c63e4ce1_layman_question_yes | J55: Yes | K55: present | L55: False
A56: 03af599d-10b1-419d-801c-dd67c63e4ce1 | B56: node_03af599d-10b1-419d-801c-dd67c63e4ce1_layman_question | C56: Did your top left abdominal pain come on suddenly? | D56: https://aim-dashboard.internal.babylontech.co.uk/concept/Q29uY2VwdDowM2FmNTk5ZC0xMGIxLTQxOWQtODAxYy1kZDY3YzYzZTRjZTE= | E56: True | F56: unisex | G56: 03af599d-10b1-419d-801c-dd67c63e4ce1_absent | H56: 03af599d-10b1-419d-801c-dd67c63e4ce1 | I56: node_03af599d-10b1-419d-801c-dd67c63e4ce1_layman_question_no | J56: No | K56: absent | L56: False
A57: 03af599d-10b1-419d-801c-dd67c63e4ce1 | B57: node_03af599d-10b1-419d-801c-dd67c63e4ce1_layman_question | C57: Did your top left abdominal pain come on suddenly? | D57: https://aim-dashboard.internal.babylontech.co.uk/concept/Q29uY2VwdDowM2FmNTk5ZC0xMGIxLTQxOWQtODAxYy1kZDY3YzYzZTRjZTE= | E57: True | F57: unisex | G57: 03af599d-10b1-419d-801c-dd67c63e4ce1_unknown | I57: dont_know | J57: I don't know | K57: unknown | L57: False
A58: 03b06810-bb35-43da-a91e-d4100d4fb7d3 | B58: node_03b06810-bb35-43da-a91e-d4100d4fb7d3_layman_question | C58: Does it look like you're developing breasts? | D58: https://aim-dashboard.internal.babylontech.co.uk/concept/Q29uY2VwdDowM2IwNjgxMC1iYjM1LTQzZGEtYTkxZS1kNDEwMGQ0ZmI3ZDM= | E58: True | F58: male_only | G58: 03b06810-bb35-43da-a91e-d4100d4fb7d3_present | H58: 03b06810-bb35-43da-a91e-d4100d4fb7d3 | I58: node_03b06810-bb35-43da-a91e-d4100d4fb7d3_layman_question_yes | J58: Yes | K58: present | L58: False
A59: 03b06810-bb35-43da-a91e-d4100d4fb7d3 | B59: node_03b06810-bb35-43da-a91e-d4100d4fb7d3_layman_question | C59: Does it look like you're developing breasts? | D59: https://aim-dashboard.internal.babylontech.co.uk/concept/Q29uY2VwdDowM2IwNjgxMC1iYjM1LTQzZGEtYTkxZS1kNDEwMGQ0ZmI3ZDM= | E59: True | F59: male_only | G59: 03b06810-bb35-43da-a91e-d4100d4fb7d3_absent | H59: 03b06810-bb35-43da-a91e-d4100d4fb7d3 | I59: node_03b06810-bb35-43da-a91e-d4100d4fb7d3_layman_question_no | J59: No | K59: absent | L59: False
A60: 03b06810-bb35-43da-a91e-d4100d4fb7d3 | B60: node_03b06810-bb35-43da-a91e-d4100d4fb7d3_layman_question | C60: Does it look like you're developing breasts? | D60: https://aim-dashboard.internal.babylontech.co.uk/concept/Q29uY2VwdDowM2IwNjgxMC1iYjM1LTQzZGEtYTkxZS1kNDEwMGQ0ZmI3ZDM= | E60: True | F60: male_only | G60: 03b06810-bb35-43da-a91e-d4100d4fb7d3_unknown | I60: dont_know | J60: I don't know | K60: unknown | L60: False
A61: 03bfea52-6f3c-491f-affa-e4b59f6d41e7 | B61: node_03bfea52-6f3c-491f-affa-e4b59f6d41e7_layman_question | C61: Have you noticed that your skin is drier than usual? | D61: https://aim-dashboard.internal.babylontech.co.uk/concept/Q29uY2VwdDowM2JmZWE1Mi02ZjNjLTQ5MWYtYWZmYS1lNGI1OWY2ZDQxZTc= | E61: True | F61: unisex | G61: 03bfea52-6f3c-491f-affa-e4b59f6d41e7_present | H61: 03bfea52-6f3c-491f-affa-e4b59f6d41e7 | I61: node_03bfea52-6f3c-491f-affa-e4b59f6d41e7_layman_question_yes | J61: Yes | K61: present | L61: False
A62: 03bfea52-6f3c-491f-affa-e4b59f6d41e7 | B62: node_03bfea52-6f3c-491f-affa-e4b59f6d41e7_layman_question | C62: Have you noticed that your skin is drier than usual? | D62: https://aim-dashboard.internal.babylontech.co.uk/concept/Q29uY2VwdDowM2JmZWE1Mi02ZjNjLTQ5MWYtYWZmYS1lNGI1OWY2ZDQxZTc= | E62: True | F62: unisex | G62: 03bfea52-6f3c-491f-affa-e4b59f6d41e7_absent | H62: 03bfea52-6f3c-491f-affa-e4b59f6d41e7 | I62: node_03bfea52-6f3c-491f-affa-e4b59f6d41e7_layman_question_no | J62: No | K62: absent | L62: False
A63: 03bfea52-6f3c-491f-affa-e4b59f6d41e7 | B63: node_03bfea52-6f3c-491f-affa-e4b59f6d41e7_layman_question | C63: Have you noticed that your skin is drier than usual? | D63: https://aim-dashboard.internal.babylontech.co.uk/concept/Q29uY2VwdDowM2JmZWE1Mi02ZjNjLTQ5MWYtYWZmYS1lNGI1OWY2ZDQxZTc= | E63: True | F63: unisex | G63: 03bfea52-6f3c-491f-affa-e4b59f6d41e7_unknown | I63: dont_know | J63: I don't know | K63: unknown | L63: False
A64: 03e92a60-9e4f-48d0-8fdf-c4c8d8dc759c | B64: node_03e92a60-9e4f-48d0-8fdf-c4c8d8dc759c_layman_question | C64: Was your shoulder initially painful for a period before becoming stiff? | D64: https://aim-dashboard.internal.babylontech.co.uk/concept/Q29uY2VwdDowM2U5MmE2MC05ZTRmLTQ4ZDAtOGZkZi1jNGM4ZDhkYzc1OWM= | E64: True | F64: unisex | G64: 03e92a60-9e4f-48d0-8fdf-c4c8d8dc759c_present | H64: 03e92a60-9e4f-48d0-8fdf-c4c8d8dc759c | I64: node_03e92a60-9e4f-48d0-8fdf-c4c8d8dc759c_layman_question_yes | J64: Yes | K64: present | L64: False
A65: 03e92a60-9e4f-48d0-8fdf-c4c8d8dc759c | B65: node_03e92a60-9e4f-48d0-8fdf-c4c8d8dc759c_layman_question | C65: Was your shoulder initially painful for a period before becoming stiff? | D65: https://aim-dashboard.internal.babylontech.co.uk/concept/Q29uY2VwdDowM2U5MmE2MC05ZTRmLTQ4ZDAtOGZkZi1jNGM4ZDhkYzc1OWM= | E65: True | F65: unisex | G65: 03e92a60-9e4f-48d0-8fdf-c4c8d8dc759c_absent | H65: 03e92a60-9e4f-48d0-8fdf-c4c8d8dc759c | I65: node_03e92a60-9e4f-48d0-8fdf-c4c8d8dc759c_layman_question_no | J65: No | K65: absent | L65: False
A66: 03e92a60-9e4f-48d0-8fdf-c4c8d8dc759c | B66: node_03e92a60-9e4f-48d0-8fdf-c4c8d8dc759c_layman_question | C66: Was your shoulder initially painful for a period before becoming stiff? | D66: https://aim-dashboard.internal.babylontech.co.uk/concept/Q29uY2VwdDowM2U5MmE2MC05ZTRmLTQ4ZDAtOGZkZi1jNGM4ZDhkYzc1OWM= | E66: True | F66: unisex | G66: 03e92a60-9e4f-48d0-8fdf-c4c8d8dc759c_unknown | I66: dont_know | J66: I don't know | K66: unknown | L66: False
A67: 0410b7fa-ddd7-4c7b-b544-2ce95bc2f800 | B67: node_0410b7fa-ddd7-4c7b-b544-2ce95bc2f800_layman_question | C67: Have you recently lost weight without intending to? | D67: https://aim-dashboard.internal.babylontech.co.uk/concept/Q29uY2VwdDowNDEwYjdmYS1kZGQ3LTRjN2ItYjU0NC0yY2U5NWJjMmY4MDA= | E67: True | F67: unisex | G67: 0410b7fa-ddd7-4c7b-b544-2ce95bc2f800_present | H67: 0410b7fa-ddd7-4c7b-b544-2ce95bc2f800 | I67: node_0410b7fa-ddd7-4c7b-b544-2ce95bc2f800_layman_question_yes | J67: Yes | K67: present | L67: False
A68: 0410b7fa-ddd7-4c7b-b544-2ce95bc2f800 | B68: node_0410b7fa-ddd7-4c7b-b544-2ce95bc2f800_layman_question | C68: Have you recently lost weight without intending to? | D68: https://aim-dashboard.internal.babylontech.co.uk/concept/Q29uY2VwdDowNDEwYjdmYS1kZGQ3LTRjN2ItYjU0NC0yY2U5NWJjMmY4MDA= | E68: True | F68: unisex | G68: 0410b7fa-ddd7-4c7b-b544-2ce95bc2f800_absent | H68: 0410b7fa-ddd7-4c7b-b544-2ce95bc2f800 | I68: node_0410b7fa-ddd7-4c7b-b544-2ce95bc2f800_layman_question_no | J68: No | K68: absent | L68: False
A69: 0410b7fa-ddd7-4c7b-b544-2ce95bc2f800 | B69: node_0410b7fa-ddd7-4c7b-b544-2ce95bc2f800_layman_question | C69: Have you recently lost weight without intending to? | D69: https://aim-dashboard.internal.babylontech.co.uk/concept/Q29uY2VwdDowNDEwYjdmYS1kZGQ3LTRjN2ItYjU0NC0yY2U5NWJjMmY4MDA= | E69: True | F69: unisex | G69: 0410b7fa-ddd7-4c7b-b544-2ce95bc2f800_unknown | I69: dont_know | J69: I don't know | K69: unknown | L69: False
A70: 04210e65-22f1-4270-9262-629a263b4027 | B70: node_04210e65-22f1-4270-9262-629a263b4027_layman_question | C70: Is your urine frothy? | D70: https://aim-dashboard.internal.babylontech.co.uk/concept/Q29uY2VwdDowNDIxMGU2NS0yMmYxLTQyNzAtOTI2Mi02MjlhMjYzYjQwMjc= | E70: True | F70: unisex | G70: 04210e65-22f1-4270-9262-629a263b4027_present | H70: 04210e65-22f1-4270-9262-629a263b4027 | I70: node_04210e65-22f1-4270-9262-629a263b4027_layman_question_yes | J70: Yes | K70: present | L70: False
A71: 04210e65-22f1-4270-9262-629a263b4027 | B71: node_04210e65-22f1-4270-9262-629a263b4027_layman_question | C71: Is your urine frothy? | D71: https://aim-dashboard.internal.babylontech.co.uk/concept/Q29uY2VwdDowNDIxMGU2NS0yMmYxLTQyNzAtOTI2Mi02MjlhMjYzYjQwMjc= | E71: True | F71: unisex | G71: 04210e65-22f1-4270-9262-629a263b4027_absent | H71: 04210e65-22f1-4270-9262-629a263b4027 | I71: node_04210e65-22f1-4270-9262-629a263b4027_layman_question_no | J71: No | K71: absent | L71: False
A72: 04210e65-22f1-4270-9262-629a263b4027 | B72: node_04210e65-22f1-4270-9262-629a263b4027_layman_question | C72: Is your urine frothy? | D72: https://aim-dashboard.internal.babylontech.co.uk/concept/Q29uY2VwdDowNDIxMGU2NS0yMmYxLTQyNzAtOTI2Mi02MjlhMjYzYjQwMjc= | E72: True | F72: unisex | G72: 04210e65-22f1-4270-9262-629a263b4027_unknown | I72: dont_know | J72: I don't know | K72: unknown | L72: False
A73: 0483d18d-f62d-4c73-9265-b2fc325f5fd7 | B73: node_0483d18d-f62d-4c73-9265-b2fc325f5fd7_layman_question | C73: Do you have any pain in your leg? | D73: https://aim-dashboard.internal.babylontech.co.uk/concept/Q29uY2VwdDowNDgzZDE4ZC1mNjJkLTRjNzMtOTI2NS1iMmZjMzI1ZjVmZDc= | E73: True | F73: unisex | G73: 0483d18d-f62d-4c73-9265-b2fc325f5fd7_present | H73: 0483d18d-f62d-4c73-9265-b2fc325f5fd7 | I73: node_0483d18d-f62d-4c73-9265-b2fc325f5fd7_layman_question_yes | J73: Yes | K73: present | L73: False
A74: 0483d18d-f62d-4c73-9265-b2fc325f5fd7 | B74: node_0483d18d-f62d-4c73-9265-b2fc325f5fd7_layman_question | C74: Do you have any pain in your leg? | D74: https://aim-dashboard.internal.babylontech.co.uk/concept/Q29uY2VwdDowNDgzZDE4ZC1mNjJkLTRjNzMtOTI2NS1iMmZjMzI1ZjVmZDc= | E74: True | F74: unisex | G74: 0483d18d-f62d-4c73-9265-b2fc325f5fd7_absent | H74: 0483d18d-f62d-4c73-9265-b2fc325f5fd7 | I74: node_0483d18d-f62d-4c73-9265-b2fc325f5fd7_layman_question_no | J74: No | K74: absent | L74: False
A75: 0483d18d-f62d-4c73-9265-b2fc325f5fd7 | B75: node_0483d18d-f62d-4c73-9265-b2fc325f5fd7_layman_question | C75: Do you have any pain in your leg? | D75: https://aim-dashboard.internal.babylontech.co.uk/concept/Q29uY2VwdDowNDgzZDE4ZC1mNjJkLTRjNzMtOTI2NS1iMmZjMzI1ZjVmZDc= | E75: True | F75: unisex | G75: 0483d18d-f62d-4c73-9265-b2fc325f5fd7_unknown | I75: dont_know | J75: I don't know | K75: unknown | L75: False
A76: 0484c900-1faa-4682-a652-e25f3638fe32 | B76: node_0484c900-1faa-4682-a652-e25f3638fe32_layman_question | C76: Have you had abdominal surgery in the past (more than 30 days ago)? | D76: https://aim-dashboard.internal.babylontech.co.uk/concept/Q29uY2VwdDowNDg0YzkwMC0xZmFhLTQ2ODItYTY1Mi1lMjVmMzYzOGZlMzI= | E76: True | F76: unisex | G76: 0484c900-1faa-4682-a652-e25f3638fe32_present | H76: 0484c900-1faa-4682-a652-e25f3638fe32 | I76: node_0484c900-1faa-4682-a652-e25f3638fe32_layman_question_yes | J76: Yes | K76: present | L76: False
A77: 0484c900-1faa-4682-a652-e25f3638fe32 | B77: node_0484c900-1faa-4682-a652-e25f3638fe32_layman_question | C77: Have you had abdominal surgery in the past (more than 30 days ago)? | D77: https://aim-dashboard.internal.babylontech.co.uk/concept/Q29uY2VwdDowNDg0YzkwMC0xZmFhLTQ2ODItYTY1Mi1lMjVmMzYzOGZlMzI= | E77: True | F77: unisex | G77: 0484c900-1faa-4682-a652-e25f3638fe32_absent | H77: 0484c900-1faa-4682-a652-e25f3638fe32 | I77: node_0484c900-1faa-4682-a652-e25f3638fe32_layman_question_no | J77: No | K77: absent | L77: False
A78: 0484c900-1faa-4682-a652-e25f3638fe32 | B78: node_0484c900-1faa-4682-a652-e25f3638fe32_layman_question | C78: Have you had abdominal surgery in the past (more than 30 days ago)? | D78: https://aim-dashboard.internal.babylontech.co.uk/concept/Q29uY2VwdDowNDg0YzkwMC0xZmFhLTQ2ODItYTY1Mi1lMjVmMzYzOGZlMzI= | E78: True | F78: unisex | G78: 0484c900-1faa-4682-a652-e25f3638fe32_unknown | I78: dont_know | J78: I don't know | K78: unknown | L78: False
A79: 04a3d021-65c7-454e-bef4-c9ab3808c77c | B79: node_04a3d021-65c7-454e-bef4-c9ab3808c77c_layman_question | C79: Is the pain around your belly button aching in nature? | D79: https://aim-dashboard.internal.babylontech.co.uk/concept/Q29uY2VwdDowNGEzZDAyMS02NWM3LTQ1NGUtYmVmNC1jOWFiMzgwOGM3N2M= | E79: True | F79: unisex | G79: 04a3d021-65c7-454e-bef4-c9ab3808c77c_present | H79: 04a3d021-65c7-454e-bef4-c9ab3808c77c | I79: node_04a3d021-65c7-454e-bef4-c9ab3808c77c_layman_question_yes | J79: Yes | K79: present | L79: False
A80: 04a3d021-65c7-454e-bef4-c9ab3808c77c | B80: node_04a3d021-65c7-454e-bef4-c9ab3808c77c_layman_question | C80: Is the pain around your belly button aching in nature? | D80: https://aim-dashboard.internal.babylontech.co.uk/concept/Q29uY2VwdDowNGEzZDAyMS02NWM3LTQ1NGUtYmVmNC1jOWFiMzgwOGM3N2M= | E80: True | F80: unisex | G80: 04a3d021-65c7-454e-bef4-c9ab3808c77c_absent | H80: 04a3d021-65c7-454e-bef4-c9ab3808c77c | I80: node_04a3d021-65c7-454e-bef4-c9ab3808c77c_layman_question_no | J80: No | K80: absent | L80: False
A81: 04a3d021-65c7-454e-bef4-c9ab3808c77c | B81: node_04a3d021-65c7-454e-bef4-c9ab3808c77c_layman_question | C81: Is the pain around your belly button aching in nature? | D81: https://aim-dashboard.internal.babylontech.co.uk/concept/Q29uY2VwdDowNGEzZDAyMS02NWM3LTQ1NGUtYmVmNC1jOWFiMzgwOGM3N2M= | E81: True | F81: unisex | G81: 04a3d021-65c7-454e-bef4-c9ab3808c77c_unknown | I81: dont_know | J81: I don't know | K81: unknown | L81: False
A82: 04cc7c39-3846-41de-bc46-be574cc2128a | B82: node_04cc7c39-3846-41de-bc46-be574cc2128a_layman_question | C82: Have you developed blisters around your mouth? | D82: https://aim-dashboard.internal.babylontech.co.uk/concept/Q29uY2VwdDowNGNjN2MzOS0zODQ2LTQxZGUtYmM0Ni1iZTU3NGNjMjEyOGE= | E82: True | F82: unisex | G82: 04cc7c39-3846-41de-bc46-be574cc2128a_present | H82: 04cc7c39-3846-41de-bc46-be574cc2128a | I82: node_04cc7c39-3846-41de-bc46-be574cc2128a_layman_question_yes | J82: Yes | K82: present | L82: False
A83: 04cc7c39-3846-41de-bc46-be574cc2128a | B83: node_04cc7c39-3846-41de-bc46-be574cc2128a_layman_question | C83: Have you developed blisters around your mouth? | D83: https://aim-dashboard.internal.babylontech.co.uk/concept/Q29uY2VwdDowNGNjN2MzOS0zODQ2LTQxZGUtYmM0Ni1iZTU3NGNjMjEyOGE= | E83: True | F83: unisex | G83: 04cc7c39-3846-41de-bc46-be574cc2128a_absent | H83: 04cc7c39-3846-41de-bc46-be574cc2128a | I83: node_04cc7c39-3846-41de-bc46-be574cc2128a_layman_question_no | J83: No | K83: absent | L83: False
A84: 04cc7c39-3846-41de-bc46-be574cc2128a | B84: node_04cc7c39-3846-41de-bc46-be574cc2128a_layman_question | C84: Have you developed blisters around your mouth? | D84: https://aim-dashboard.internal.babylontech.co.uk/concept/Q29uY2VwdDowNGNjN2MzOS0zODQ2LTQxZGUtYmM0Ni1iZTU3NGNjMjEyOGE= | E84: True | F84: unisex | G84: 04cc7c39-3846-41de-bc46-be574cc2128a_unknown | I84: dont_know | J84: I don't know | K84: unknown | L84: False
A85: 059f77a0-94cb-57b1-9e15-95d39208e626 | B85: node_0f7cd43e-3c9f-42f7-b0a3-e3d6c3b2c975_layman_question | C85: Have you been diagnosed with chronic pelvic pain? | D85: https://aim-dashboard.internal.babylontech.co.uk/concept/Q29uY2VwdDowNTlmNzdhMC05NGNiLTU3YjEtOWUxNS05NWQzOTIwOGU2MjY= | E85: True | F85: female_only | G85: 059f77a0-94cb-57b1-9e15-95d39208e626_present | H85: 059f77a0-94cb-57b1-9e15-95d39208e626 | I85: node_0f7cd43e-3c9f-42f7-b0a3-e3d6c3b2c975_layman_question_yes | J85: Yes | K85: present | L85: False
A86: 059f77a0-94cb-57b1-9e15-95d39208e626 | B86: node_0f7cd43e-3c9f-42f7-b0a3-e3d6c3b2c975_layman_question | C86: Have you been diagnosed with chronic pelvic pain? | D86: https://aim-dashboard.internal.babylontech.co.uk/concept/Q29uY2VwdDowNTlmNzdhMC05NGNiLTU3YjEtOWUxNS05NWQzOTIwOGU2MjY= | E86: True | F86: female_only | G86: 059f77a0-94cb-57b1-9e15-95d39208e626_absent | H86: 059f77a0-94cb-57b1-9e15-95d39208e626 | I86: node_0f7cd43e-3c9f-42f7-b0a3-e3d6c3b2c975_layman_question_no | J86: No | K86: absent | L86: False
A87: 059f77a0-94cb-57b1-9e15-95d39208e626 | B87: node_0f7cd43e-3c9f-42f7-b0a3-e3d6c3b2c975_layman_question | C87: Have you been diagnosed with chronic pelvic pain? | D87: https://aim-dashboard.internal.babylontech.co.uk/concept/Q29uY2VwdDowNTlmNzdhMC05NGNiLTU3YjEtOWUxNS05NWQzOTIwOGU2MjY= | E87: True | F87: female_only | G87: 059f77a0-94cb-57b1-9e15-95d39208e626_unknown | I87: dont_know | J87: I don't know | K87: unknown | L87: False
A88: 068f4c7a-34f6-4d5b-a955-3e85b8d85375 | B88: question_068f4c7a-34f6-4d5b-a955-3e85b8d85375_text | C88: Is your shoulder pain in one shoulder or both? | D88: https://aim-dashboard.internal.babylontech.co.uk/questions/UXVlc3Rpb246MDY4ZjRjN2EtMzRmNi00ZDViLWE5NTUtM2U4NWI4ZDg1Mzc1 | E88: True | F88: unisex | G88: 8c83e808-1191-42c8-825b-99709fe13175 | H88: 6847c6ed-acb6-4213-9c95-e1d059c60a7f | I88: answer_8c83e808-1191-42c8-825b-99709fe13175_text | J88: One shoulder | K88: present | L88: False
A89: 068f4c7a-34f6-4d5b-a955-3e85b8d85375 | B89: question_068f4c7a-34f6-4d5b-a955-3e85b8d85375_text | C89: Is your shoulder pain in one shoulder or both? | D89: https://aim-dashboard.internal.babylontech.co.uk/questions/UXVlc3Rpb246MDY4ZjRjN2EtMzRmNi00ZDViLWE5NTUtM2U4NWI4ZDg1Mzc1 | E89: True | F89: unisex | G89: 2b425eda-2b9b-40e9-9695-9f16a1e632dc | H89: f9ba3fa8-9156-4363-b399-a1d0e1025716 | I89: answer_2b425eda-2b9b-40e9-9695-9f16a1e632dc_text | J89: Both shoulders | K89: present | L89: False
A90: 06db6a75-23f7-47db-ae52-0f191acc780e | B90: node_06db6a75-23f7-47db-ae52-0f191acc780e_layman_question | C90: Is your mouth much drier than usual? | D90: https://aim-dashboard.internal.babylontech.co.uk/concept/Q29uY2VwdDowNmRiNmE3NS0yM2Y3LTQ3ZGItYWU1Mi0wZjE5MWFjYzc4MGU= | E90: True | F90: unisex | G90: 06db6a75-23f7-47db-ae52-0f191acc780e_present | H90: 06db6a75-23f7-47db-ae52-0f191acc780e | I90: node_06db6a75-23f7-47db-ae52-0f191acc780e_layman_question_yes | J90: Yes | K90: present | L90: False
A91: 06db6a75-23f7-47db-ae52-0f191acc780e | B91: node_06db6a75-23f7-47db-ae52-0f191acc780e_layman_question | C91: Is your mouth much drier than usual? | D91: https://aim-dashboard.internal.babylontech.co.uk/concept/Q29uY2VwdDowNmRiNmE3NS0yM2Y3LTQ3ZGItYWU1Mi0wZjE5MWFjYzc4MGU= | E91: True | F91: unisex | G91: 06db6a75-23f7-47db-ae52-0f191acc780e_absent | H91: 06db6a75-23f7-47db-ae52-0f191acc780e | I91: node_06db6a75-23f7-47db-ae52-0f191acc780e_layman_question_no | J91: No | K91: absent | L91: False
A92: 06db6a75-23f7-47db-ae52-0f191acc780e | B92: node_06db6a75-23f7-47db-ae52-0f191acc780e_layman_question | C92: Is your mouth much drier than usual? | D92: https://aim-dashboard.internal.babylontech.co.uk/concept/Q29uY2VwdDowNmRiNmE3NS0yM2Y3LTQ3ZGItYWU1Mi0wZjE5MWFjYzc4MGU= | E92: True | F92: unisex | G92: 06db6a75-23f7-47db-ae52-0f191acc780e_unknown | I92: dont_know | J92: I don't know | K92: unknown | L92: False
A93: 06e39873-fc6a-462b-ae35-a73ff5b0030b | B93: node_06e39873-fc6a-462b-ae35-a73ff5b0030b_layman_question | C93: Do you have a skin sore which is discharging/leaking? | D93: https://aim-dashboard.internal.babylontech.co.uk/concept/Q29uY2VwdDowNmUzOTg3My1mYzZhLTQ2MmItYWUzNS1hNzNmZjViMDAzMGI= | E93: True | F93: unisex | G93: 06e39873-fc6a-462b-ae35-a73ff5b0030b_present | H93: 06e39873-fc6a-462b-ae35-a73ff5b0030b | I93: node_06e39873-fc6a-462b-ae35-a73ff5b0030b_layman_question_yes | J93: Yes | K93: present | L93: False
A94: 06e39873-fc6a-462b-ae35-a73ff5b0030b | B94: node_06e39873-fc6a-462b-ae35-a73ff5b0030b_layman_question | C94: Do you have a skin sore which is discharging/leaking? | D94: https://aim-dashboard.internal.babylontech.co.uk/concept/Q29uY2VwdDowNmUzOTg3My1mYzZhLTQ2MmItYWUzNS1hNzNmZjViMDAzMGI= | E94: True | F94: unisex | G94: 06e39873-fc6a-462b-ae35-a73ff5b0030b_absent | H94: 06e39873-fc6a-462b-ae35-a73ff5b0030b | I94: node_06e39873-fc6a-462b-ae35-a73ff5b0030b_layman_question_no | J94: No | K94: absent | L94: False
A95: 06e39873-fc6a-462b-ae35-a73ff5b0030b | B95: node_06e39873-fc6a-462b-ae35-a73ff5b0030b_layman_question | C95: Do you have a skin sore which is discharging/leaking? | D95: https://aim-dashboard.internal.babylontech.co.uk/concept/Q29uY2VwdDowNmUzOTg3My1mYzZhLTQ2MmItYWUzNS1hNzNmZjViMDAzMGI= | E95: True | F95: unisex | G95: 06e39873-fc6a-462b-ae35-a73ff5b0030b_unknown | I95: dont_know | J95: I don't know | K95: unknown | L95: False
A96: 07163524-ed62-4690-a9d9-61f45c66a10b | B96: question_07163524-ed62-4690-a9d9-61f45c66a10b_text | C96: Have you gone through the menopause? | D96: https://aim-dashboard.internal.babylontech.co.uk/questions/UXVlc3Rpb246MDcxNjM1MjQtZWQ2Mi00NjkwLWE5ZDktNjFmNDVjNjZhMTBi | E96: True | F96: female_only | G96: a7832c20-6524-4444-bed7-bfe8b5e5472b | H96: b99e22c1-9d1d-4d7b-b1db-47888e4c2975 | I96: answer_a7832c20-6524-4444-bed7-bfe8b5e5472b_text | J96: Yes | K96: present | L96: False
A97: 07163524-ed62-4690-a9d9-61f45c66a10b | B97: question_07163524-ed62-4690-a9d9-61f45c66a10b_text | C97: Have you gone through the menopause? | D97: https://aim-dashboard.internal.babylontech.co.uk/questions/UXVlc3Rpb246MDcxNjM1MjQtZWQ2Mi00NjkwLWE5ZDktNjFmNDVjNjZhMTBi | E97: True | F97: female_only | G97: a09def51-f1ed-46f1-9abd-cffe31328f39 | H97: 129703bf-99c1-47ef-894e-dc7ad47fcfc4 | I97: answer_a09def51-f1ed-46f1-9abd-cffe31328f39_text | J97: No | K97: present | L97: False
A98: 07315fc6-8539-4760-9f86-ba885233b9a7 | B98: node_07315fc6-8539-4760-9f86-ba885233b9a7_layman_question | C98: Is your nose itchy? | D98: https://aim-dashboard.internal.babylontech.co.uk/concept/Q29uY2VwdDowNzMxNWZjNi04NTM5LTQ3NjAtOWY4Ni1iYTg4NTIzM2I5YTc= | E98: True | F98: unisex | G98: 07315fc6-8539-4760-9f86-ba885233b9a7_present | H98: 07315fc6-8539-4760-9f86-ba885233b9a7 | I98: node_07315fc6-8539-4760-9f86-ba885233b9a7_layman_question_yes | J98: Yes | K98: present | L98: False
A99: 07315fc6-8539-4760-9f86-ba885233b9a7 | B99: node_07315fc6-8539-4760-9f86-ba885233b9a7_layman_question | C99: Is your nose itchy? | D99: https://aim-dashboard.internal.babylontech.co.uk/concept/Q29uY2VwdDowNzMxNWZjNi04NTM5LTQ3NjAtOWY4Ni1iYTg4NTIzM2I5YTc= | E99: True | F99: unisex | G99: 07315fc6-8539-4760-9f86-ba885233b9a7_absent | H99: 07315fc6-8539-4760-9f86-ba885233b9a7 | I99: node_07315fc6-8539-4760-9f86-ba885233b9a7_layman_question_no | J99: No | K99: absent | L99: False
A100: 07315fc6-8539-4760-9f86-ba885233b9a7 | B100: node_07315fc6-8539-4760-9f86-ba885233b9a7_layman_question | C100: Is your nose itchy? | D100: https://aim-dashboard.internal.babylontech.co.uk/concept/Q29uY2VwdDowNzMxNWZjNi04NTM5LTQ3NjAtOWY4Ni1iYTg4NTIzM2I5YTc= | E100: True | F100: unisex | G100: 07315fc6-8539-4760-9f86-ba885233b9a7_unknown | I100: dont_know | J100: I don't know | K100: unknown | L100: False
...

Sheet answers_uk_dolphin_8.16
A1: question_id | B1: question_text_key | C1: question_text | D1: url | E1: is_epi_question | F1: sex | G1: answer_id | H1: node_id | I1: answer_text_key | J1: answer_text | K1: answer_state | L1: can_multiselect | N1: source
A2: 00089354-415a-4651-9e17-370c8227adb7 | B2: question_00089354-415a-4651-9e17-370c8227adb7_text | C2: Is the swelling in your big toe? | D2: https://aim-dashboard.internal.babylontech.co.uk/questions/UXVlc3Rpb246MDAwODkzNTQtNDE1YS00NjUxLTllMTctMzcwYzgyMjdhZGI3 | E2: True | F2: unisex | G2: 8c855e4c-f5ba-4eac-86fe-ea2717c908b1 | H2: 8a5421fd-271d-4a09-84f5-2902540b4a18 | I2: answer_8c855e4c-f5ba-4eac-86fe-ea2717c908b1_text | J2: Yes | K2: present | L2: False | N2: UK-only**
A3: 00089354-415a-4651-9e17-370c8227adb7 | B3: question_00089354-415a-4651-9e17-370c8227adb7_text | C3: Is the swelling in your big toe? | D3: https://aim-dashboard.internal.babylontech.co.uk/questions/UXVlc3Rpb246MDAwODkzNTQtNDE1YS00NjUxLTllMTctMzcwYzgyMjdhZGI3 | E3: True | F3: unisex | G3: 00089354-415a-4651-9e17-370c8227adb7_none | I3: question_00089354-415a-4651-9e17-370c8227adb7_none_text | J3: No | K3: absent | L3: False
A4: 00089354-415a-4651-9e17-370c8227adb7 | B4: question_00089354-415a-4651-9e17-370c8227adb7_text | C4: Is the swelling in your big toe? | D4: https://aim-dashboard.internal.babylontech.co.uk/questions/UXVlc3Rpb246MDAwODkzNTQtNDE1YS00NjUxLTllMTctMzcwYzgyMjdhZGI3 | E4: True | F4: unisex | G4: 00089354-415a-4651-9e17-370c8227adb7_unknown | I4: dont_know | J4: I don't know | K4: unknown | L4: False
A5: 001fa650-28b0-49a1-b36d-76503257d798 | B5: node_001fa650-28b0-49a1-b36d-76503257d798_layman_question | C5: Do you have pain in your penis? | D5: https://aim-dashboard.internal.babylontech.co.uk/concepts/Q29uY2VwdDowMDFmYTY1MC0yOGIwLTQ5YTEtYjM2ZC03NjUwMzI1N2Q3OTg= | E5: True | F5: male_only | G5: 001fa650-28b0-49a1-b36d-76503257d798_present | H5: 001fa650-28b0-49a1-b36d-76503257d798 | I5: node_001fa650-28b0-49a1-b36d-76503257d798_layman_question_yes | J5: Yes | K5: present | L5: False
A6: 001fa650-28b0-49a1-b36d-76503257d798 | B6: node_001fa650-28b0-49a1-b36d-76503257d798_layman_question | C6: Do you have pain in your penis? | D6: https://aim-dashboard.internal.babylontech.co.uk/concepts/Q29uY2VwdDowMDFmYTY1MC0yOGIwLTQ5YTEtYjM2ZC03NjUwMzI1N2Q3OTg= | E6: True | F6: male_only | G6: 001fa650-28b0-49a1-b36d-76503257d798_absent | H6: 001fa650-28b0-49a1-b36d-76503257d798 | I6: node_001fa650-28b0-49a1-b36d-76503257d798_layman_question_no | J6: No | K6: absent | L6: False
A7: 001fa650-28b0-49a1-b36d-76503257d798 | B7: node_001fa650-28b0-49a1-b36d-76503257d798_layman_question | C7: Do you have pain in your penis? | D7: https://aim-dashboard.internal.babylontech.co.uk/concepts/Q29uY2VwdDowMDFmYTY1MC0yOGIwLTQ5YTEtYjM2ZC03NjUwMzI1N2Q3OTg= | E7: True | F7: male_only | G7: 001fa650-28b0-49a1-b36d-76503257d798_unknown | I7: dont_know | J7: I don't know | K7: unknown | L7: False
A8: 00aace0c-fb7a-466d-9371-d36cd1cd2aa3 | B8: node_00aace0c-fb7a-466d-9371-d36cd1cd2aa3_layman_question | C8: Have you recently come into contact with lice or mites? For example from living in close quarters, or sharing clothing or towels with other people. | D8: https://aim-dashboard.internal.babylontech.co.uk/concepts/Q29uY2VwdDowMGFhY2UwYy1mYjdhLTQ2NmQtOTM3MS1kMzZjZDFjZDJhYTM= | E8: True | F8: unisex | G8: 00aace0c-fb7a-466d-9371-d36cd1cd2aa3_present | H8: 00aace0c-fb7a-466d-9371-d36cd1cd2aa3 | I8: node_00aace0c-fb7a-466d-9371-d36cd1cd2aa3_layman_question_yes | J8: Yes | K8: present | L8: False
A9: 00aace0c-fb7a-466d-9371-d36cd1cd2aa3 | B9: node_00aace0c-fb7a-466d-9371-d36cd1cd2aa3_layman_question | C9: Have you recently come into contact with lice or mites? For example from living in close quarters, or sharing clothing or towels with other people. | D9: https://aim-dashboard.internal.babylontech.co.uk/concepts/Q29uY2VwdDowMGFhY2UwYy1mYjdhLTQ2NmQtOTM3MS1kMzZjZDFjZDJhYTM= | E9: True | F9: unisex | G9: 00aace0c-fb7a-466d-9371-d36cd1cd2aa3_absent | H9: 00aace0c-fb7a-466d-9371-d36cd1cd2aa3 | I9: node_00aace0c-fb7a-466d-9371-d36cd1cd2aa3_layman_question_no | J9: No | K9: absent | L9: False
A10: 00aace0c-fb7a-466d-9371-d36cd1cd2aa3 | B10: node_00aace0c-fb7a-466d-9371-d36cd1cd2aa3_layman_question | C10: Have you recently come into contact with lice or mites? For example from living in close quarters, or sharing clothing or towels with other people. | D10: https://aim-dashboard.internal.babylontech.co.uk/concepts/Q29uY2VwdDowMGFhY2UwYy1mYjdhLTQ2NmQtOTM3MS1kMzZjZDFjZDJhYTM= | E10: True | F10: unisex | G10: 00aace0c-fb7a-466d-9371-d36cd1cd2aa3_unknown | I10: dont_know | J10: I don't know | K10: unknown | L10: False
A11: 00be17ce-bd15-48f0-9b35-a5679959a152 | B11: node_00be17ce-bd15-48f0-9b35-a5679959a152_layman_question | C11: Is your diet lacking in iodine-rich foods, like seaweed or fish? | D11: https://aim-dashboard.internal.babylontech.co.uk/concepts/Q29uY2VwdDowMGJlMTdjZS1iZDE1LTQ4ZjAtOWIzNS1hNTY3OTk1OWExNTI= | E11: True | F11: unisex | G11: 00be17ce-bd15-48f0-9b35-a5679959a152_present | H11: 00be17ce-bd15-48f0-9b35-a5679959a152 | I11: node_00be17ce-bd15-48f0-9b35-a5679959a152_layman_question_yes | J11: Yes | K11: present | L11: False
A12: 00be17ce-bd15-48f0-9b35-a5679959a152 | B12: node_00be17ce-bd15-48f0-9b35-a5679959a152_layman_question | C12: Is your diet lacking in iodine-rich foods, like seaweed or fish? | D12: https://aim-dashboard.internal.babylontech.co.uk/concepts/Q29uY2VwdDowMGJlMTdjZS1iZDE1LTQ4ZjAtOWIzNS1hNTY3OTk1OWExNTI= | E12: True | F12: unisex | G12: 00be17ce-bd15-48f0-9b35-a5679959a152_absent | H12: 00be17ce-bd15-48f0-9b35-a5679959a152 | I12: node_00be17ce-bd15-48f0-9b35-a5679959a152_layman_question_no | J12: No | K12: absent | L12: False
A13: 00be17ce-bd15-48f0-9b35-a5679959a152 | B13: node_00be17ce-bd15-48f0-9b35-a5679959a152_layman_question | C13: Is your diet lacking in iodine-rich foods, like seaweed or fish? | D13: https://aim-dashboard.internal.babylontech.co.uk/concepts/Q29uY2VwdDowMGJlMTdjZS1iZDE1LTQ4ZjAtOWIzNS1hNTY3OTk1OWExNTI= | E13: True | F13: unisex | G13: 00be17ce-bd15-48f0-9b35-a5679959a152_unknown | I13: dont_know | J13: I don't know | K13: unknown | L13: False
A14: 00e3e875-e2b7-460a-ba39-465eb823d8b6 | B14: question_00e3e875-e2b7-460a-ba39-465eb823d8b6_text | C14: Where is the pain in your finger or fingers? | D14: https://aim-dashboard.internal.babylontech.co.uk/questions/UXVlc3Rpb246MDBlM2U4NzUtZTJiNy00NjBhLWJhMzktNDY1ZWI4MjNkOGI2 | E14: True | F14: unisex | G14: 3842e20c-defc-4d97-96b2-ab5d356932a6 | H14: d013c831-3980-4786-81b7-054a3a82cbae | I14: answer_3842e20c-defc-4d97-96b2-ab5d356932a6_text | J14: The finger joint below my nail | K14: present | L14: True
A15: 00e3e875-e2b7-460a-ba39-465eb823d8b6 | B15: question_00e3e875-e2b7-460a-ba39-465eb823d8b6_text | C15: Where is the pain in your finger or fingers? | D15: https://aim-dashboard.internal.babylontech.co.uk/questions/UXVlc3Rpb246MDBlM2U4NzUtZTJiNy00NjBhLWJhMzktNDY1ZWI4MjNkOGI2 | E15: True | F15: unisex | G15: 053ec21e-98d0-4e67-92b2-d7389aa9d543 | H15: 2e1a6ba6-e4c3-409d-b1d2-52ec8cd7a71e | I15: answer_053ec21e-98d0-4e67-92b2-d7389aa9d543_text | J15: The joint in the middle of my finger | K15: present | L15: True
A16: 00e3e875-e2b7-460a-ba39-465eb823d8b6 | B16: question_00e3e875-e2b7-460a-ba39-465eb823d8b6_text | C16: Where is the pain in your finger or fingers? | D16: https://aim-dashboard.internal.babylontech.co.uk/questions/UXVlc3Rpb246MDBlM2U4NzUtZTJiNy00NjBhLWJhMzktNDY1ZWI4MjNkOGI2 | E16: True | F16: unisex | G16: 00e3e875-e2b7-460a-ba39-465eb823d8b6_none | I16: question_00e3e875-e2b7-460a-ba39-465eb823d8b6_none_text | J16: Somewhere else | K16: absent | L16: False
A17: 01029c68-0a2a-4a0c-872d-10311a774b61 | B17: node_01029c68-0a2a-4a0c-872d-10311a774b61_layman_question | C17: Is you top-mid abdominal pain worse when lying down? | D17: https://aim-dashboard.internal.babylontech.co.uk/concepts/Q29uY2VwdDowMTAyOWM2OC0wYTJhLTRhMGMtODcyZC0xMDMxMWE3NzRiNjE= | E17: True | F17: unisex | G17: 01029c68-0a2a-4a0c-872d-10311a774b61_present | H17: 01029c68-0a2a-4a0c-872d-10311a774b61 | I17: node_01029c68-0a2a-4a0c-872d-10311a774b61_layman_question_yes | J17: Yes | K17: present | L17: False
A18: 01029c68-0a2a-4a0c-872d-10311a774b61 | B18: node_01029c68-0a2a-4a0c-872d-10311a774b61_layman_question | C18: Is you top-mid abdominal pain worse when lying down? | D18: https://aim-dashboard.internal.babylontech.co.uk/concepts/Q29uY2VwdDowMTAyOWM2OC0wYTJhLTRhMGMtODcyZC0xMDMxMWE3NzRiNjE= | E18: True | F18: unisex | G18: 01029c68-0a2a-4a0c-872d-10311a774b61_absent | H18: 01029c68-0a2a-4a0c-872d-10311a774b61 | I18: node_01029c68-0a2a-4a0c-872d-10311a774b61_layman_question_no | J18: No | K18: absent | L18: False
A19: 01029c68-0a2a-4a0c-872d-10311a774b61 | B19: node_01029c68-0a2a-4a0c-872d-10311a774b61_layman_question | C19: Is you top-mid abdominal pain worse when lying down? | D19: https://aim-dashboard.internal.babylontech.co.uk/concepts/Q29uY2VwdDowMTAyOWM2OC0wYTJhLTRhMGMtODcyZC0xMDMxMWE3NzRiNjE= | E19: True | F19: unisex | G19: 01029c68-0a2a-4a0c-872d-10311a774b61_unknown | I19: dont_know | J19: I don't know | K19: unknown | L19: False
A20: 0149095c-6184-5a0b-96c6-10fb339e6ebe | B20: node_51e635a1-4937-4098-afa3-372a644185d4_layman_question | C20: Have you been diagnosed with bile duct cancer? | D20: https://aim-dashboard.internal.babylontech.co.uk/concepts/Q29uY2VwdDowMTQ5MDk1Yy02MTg0LTVhMGItOTZjNi0xMGZiMzM5ZTZlYmU= | E20: True | F20: unisex | G20: 0149095c-6184-5a0b-96c6-10fb339e6ebe_present | H20: 0149095c-6184-5a0b-96c6-10fb339e6ebe | I20: node_51e635a1-4937-4098-afa3-372a644185d4_layman_question_yes | J20: Yes | K20: present | L20: False
A21: 0149095c-6184-5a0b-96c6-10fb339e6ebe | B21: node_51e635a1-4937-4098-afa3-372a644185d4_layman_question | C21: Have you been diagnosed with bile duct cancer? | D21: https://aim-dashboard.internal.babylontech.co.uk/concepts/Q29uY2VwdDowMTQ5MDk1Yy02MTg0LTVhMGItOTZjNi0xMGZiMzM5ZTZlYmU= | E21: True | F21: unisex | G21: 0149095c-6184-5a0b-96c6-10fb339e6ebe_absent | H21: 0149095c-6184-5a0b-96c6-10fb339e6ebe | I21: node_51e635a1-4937-4098-afa3-372a644185d4_layman_question_no | J21: No | K21: absent | L21: False
A22: 0149095c-6184-5a0b-96c6-10fb339e6ebe | B22: node_51e635a1-4937-4098-afa3-372a644185d4_layman_question | C22: Have you been diagnosed with bile duct cancer? | D22: https://aim-dashboard.internal.babylontech.co.uk/concepts/Q29uY2VwdDowMTQ5MDk1Yy02MTg0LTVhMGItOTZjNi0xMGZiMzM5ZTZlYmU= | E22: True | F22: unisex | G22: 0149095c-6184-5a0b-96c6-10fb339e6ebe_unknown | I22: dont_know | J22: I don't know | K22: unknown | L22: False
A23: 0193e1b5-fd51-451c-bf0f-70ee849c079f | B23: question_0193e1b5-fd51-451c-bf0f-70ee849c079f_text | C23: When you have sex, where is the pain in your vagina? | D23: https://aim-dashboard.internal.babylontech.co.uk/questions/UXVlc3Rpb246MDE5M2UxYjUtZmQ1MS00NTFjLWJmMGYtNzBlZTg0OWMwNzlm | E23: True | F23: female_only | G23: 5f81e606-ee06-44e9-8fbb-6da6d23bf41a | H23: 9899d2c6-a37b-4c68-b6ea-415654d0ae2a | I23: answer_5f81e606-ee06-44e9-8fbb-6da6d23bf41a_text | J23: At the entrance or around the outside | K23: present | L23: True
A24: 0193e1b5-fd51-451c-bf0f-70ee849c079f | B24: question_0193e1b5-fd51-451c-bf0f-70ee849c079f_text | C24: When you have sex, where is the pain in your vagina? | D24: https://aim-dashboard.internal.babylontech.co.uk/questions/UXVlc3Rpb246MDE5M2UxYjUtZmQ1MS00NTFjLWJmMGYtNzBlZTg0OWMwNzlm | E24: True | F24: female_only | G24: b077d938-f1f0-421d-87b9-80c24abbed06 | H24: e2d8a490-efb1-45c6-b807-25b183e20c9f | I24: answer_b077d938-f1f0-421d-87b9-80c24abbed06_text | J24: Deep inside | K24: present | L24: True
A25: 0193e1b5-fd51-451c-bf0f-70ee849c079f | B25: question_0193e1b5-fd51-451c-bf0f-70ee849c079f_text | C25: When you have sex, where is the pain in your vagina? | D25: https://aim-dashboard.internal.babylontech.co.uk/questions/UXVlc3Rpb246MDE5M2UxYjUtZmQ1MS00NTFjLWJmMGYtNzBlZTg0OWMwNzlm | E25: True | F25: female_only | G25: 0193e1b5-fd51-451c-bf0f-70ee849c079f_unknown | I25: dont_know | J25: I don't know | K25: unknown | L25: False
A26: 019b0e3a-d932-4694-8014-c4c7615d6191 | B26: node_019b0e3a-d932-4694-8014-c4c7615d6191_layman_question | C26: Have you had sex in the last 6 months without using condoms and without being covered by another form of reliable contraception which you use effectively? | D26: https://aim-dashboard.internal.babylontech.co.uk/concepts/Q29uY2VwdDowMTliMGUzYS1kOTMyLTQ2OTQtODAxNC1jNGM3NjE1ZDYxOTE= | E26: True | F26: female_only | G26: 019b0e3a-d932-4694-8014-c4c7615d6191_present | H26: 019b0e3a-d932-4694-8014-c4c7615d6191 | I26: node_019b0e3a-d932-4694-8014-c4c7615d6191_layman_question_yes | J26: Yes | K26: present | L26: False
A27: 019b0e3a-d932-4694-8014-c4c7615d6191 | B27: node_019b0e3a-d932-4694-8014-c4c7615d6191_layman_question | C27: Have you had sex in the last 6 months without using condoms and without being covered by another form of reliable contraception which you use effectively? | D27: https://aim-dashboard.internal.babylontech.co.uk/concepts/Q29uY2VwdDowMTliMGUzYS1kOTMyLTQ2OTQtODAxNC1jNGM3NjE1ZDYxOTE= | E27: True | F27: female_only | G27: 019b0e3a-d932-4694-8014-c4c7615d6191_absent | H27: 019b0e3a-d932-4694-8014-c4c7615d6191 | I27: node_019b0e3a-d932-4694-8014-c4c7615d6191_layman_question_no | J27: No | K27: absent | L27: False
A28: 019b0e3a-d932-4694-8014-c4c7615d6191 | B28: node_019b0e3a-d932-4694-8014-c4c7615d6191_layman_question | C28: Have you had sex in the last 6 months without using condoms and without being covered by another form of reliable contraception which you use effectively? | D28: https://aim-dashboard.internal.babylontech.co.uk/concepts/Q29uY2VwdDowMTliMGUzYS1kOTMyLTQ2OTQtODAxNC1jNGM3NjE1ZDYxOTE= | E28: True | F28: female_only | G28: 019b0e3a-d932-4694-8014-c4c7615d6191_unknown | I28: dont_know | J28: I don't know | K28: unknown | L28: False
A29: 023cb322-5a92-4e38-bf07-a9aa0fbe28bb | B29: question_023cb322-5a92-4e38-bf07-a9aa0fbe28bb_text | C29: Does your top middle abdominal pain come and go or is it there constantly? | D29: https://aim-dashboard.internal.babylontech.co.uk/questions/UXVlc3Rpb246MDIzY2IzMjItNWE5Mi00ZTM4LWJmMDctYTlhYTBmYmUyOGJi | E29: True | F29: unisex | G29: 58ddb338-1d8c-4001-9e3d-c078641802a1 | H29: 0f0c86a2-0729-47e8-9761-6d7cc17e7838 | I29: answer_58ddb338-1d8c-4001-9e3d-c078641802a1_text | J29: It's constant | K29: present | L29: False
A30: 023cb322-5a92-4e38-bf07-a9aa0fbe28bb | B30: question_023cb322-5a92-4e38-bf07-a9aa0fbe28bb_text | C30: Does your top middle abdominal pain come and go or is it there constantly? | D30: https://aim-dashboard.internal.babylontech.co.uk/questions/UXVlc3Rpb246MDIzY2IzMjItNWE5Mi00ZTM4LWJmMDctYTlhYTBmYmUyOGJi | E30: True | F30: unisex | G30: b1feb576-8298-4ceb-bffd-5b39da10d072 | H30: cfdc1f91-be39-43ba-adee-8c6f073dc96a | I30: answer_b1feb576-8298-4ceb-bffd-5b39da10d072_text | J30: The pain comes and goes | K30: present | L30: False
A31: 025ddbca-dbe4-5268-929c-ba0a8c3a36a2 | B31: node_212765ec-e8e8-41f6-995b-4c623df8d8bb_layman_question | C31: Have you been diagnosed with chronic lymphocytic leukemia (CLL)? | D31: https://aim-dashboard.internal.babylontech.co.uk/concepts/Q29uY2VwdDowMjVkZGJjYS1kYmU0LTUyNjgtOTI5Yy1iYTBhOGMzYTM2YTI= | E31: True | F31: unisex | G31: 025ddbca-dbe4-5268-929c-ba0a8c3a36a2_present | H31: 025ddbca-dbe4-5268-929c-ba0a8c3a36a2 | I31: node_212765ec-e8e8-41f6-995b-4c623df8d8bb_layman_question_yes | J31: Yes | K31: present | L31: False
A32: 025ddbca-dbe4-5268-929c-ba0a8c3a36a2 | B32: node_212765ec-e8e8-41f6-995b-4c623df8d8bb_layman_question | C32: Have you been diagnosed with chronic lymphocytic leukemia (CLL)? | D32: https://aim-dashboard.internal.babylontech.co.uk/concepts/Q29uY2VwdDowMjVkZGJjYS1kYmU0LTUyNjgtOTI5Yy1iYTBhOGMzYTM2YTI= | E32: True | F32: unisex | G32: 025ddbca-dbe4-5268-929c-ba0a8c3a36a2_absent | H32: 025ddbca-dbe4-5268-929c-ba0a8c3a36a2 | I32: node_212765ec-e8e8-41f6-995b-4c623df8d8bb_layman_question_no | J32: No | K32: absent | L32: False
A33: 025ddbca-dbe4-5268-929c-ba0a8c3a36a2 | B33: node_212765ec-e8e8-41f6-995b-4c623df8d8bb_layman_question | C33: Have you been diagnosed with chronic lymphocytic leukemia (CLL)? | D33: https://aim-dashboard.internal.babylontech.co.uk/concepts/Q29uY2VwdDowMjVkZGJjYS1kYmU0LTUyNjgtOTI5Yy1iYTBhOGMzYTM2YTI= | E33: True | F33: unisex | G33: 025ddbca-dbe4-5268-929c-ba0a8c3a36a2_unknown | I33: dont_know | J33: I don't know | K33: unknown | L33: False
A34: 029177e2-337b-4a7d-a596-cd4779c6471e | B34: node_029177e2-337b-4a7d-a596-cd4779c6471e_layman_question | C34: Have you ever had a panic attack? | D34: https://aim-dashboard.internal.babylontech.co.uk/concepts/Q29uY2VwdDowMjkxNzdlMi0zMzdiLTRhN2QtYTU5Ni1jZDQ3NzljNjQ3MWU= | E34: True | F34: unisex | G34: 029177e2-337b-4a7d-a596-cd4779c6471e_present | H34: 029177e2-337b-4a7d-a596-cd4779c6471e | I34: node_029177e2-337b-4a7d-a596-cd4779c6471e_layman_question_yes | J34: Yes | K34: present | L34: False
A35: 029177e2-337b-4a7d-a596-cd4779c6471e | B35: node_029177e2-337b-4a7d-a596-cd4779c6471e_layman_question | C35: Have you ever had a panic attack? | D35: https://aim-dashboard.internal.babylontech.co.uk/concepts/Q29uY2VwdDowMjkxNzdlMi0zMzdiLTRhN2QtYTU5Ni1jZDQ3NzljNjQ3MWU= | E35: True | F35: unisex | G35: 029177e2-337b-4a7d-a596-cd4779c6471e_absent | H35: 029177e2-337b-4a7d-a596-cd4779c6471e | I35: node_029177e2-337b-4a7d-a596-cd4779c6471e_layman_question_no | J35: No | K35: absent | L35: False
A36: 029177e2-337b-4a7d-a596-cd4779c6471e | B36: node_029177e2-337b-4a7d-a596-cd4779c6471e_layman_question | C36: Have you ever had a panic attack? | D36: https://aim-dashboard.internal.babylontech.co.uk/concepts/Q29uY2VwdDowMjkxNzdlMi0zMzdiLTRhN2QtYTU5Ni1jZDQ3NzljNjQ3MWU= | E36: True | F36: unisex | G36: 029177e2-337b-4a7d-a596-cd4779c6471e_unknown | I36: dont_know | J36: I don't know | K36: unknown | L36: False
A37: 02c2d502-49ab-4ce9-89a4-a4bcb51732f1 | B37: node_02c2d502-49ab-4ce9-89a4-a4bcb51732f1_layman_question | C37: Have you noticed a lump or swelling in the left lower part of the stomach which used to come and go but is now stuck out? | D37: https://aim-dashboard.internal.babylontech.co.uk/concepts/Q29uY2VwdDowMmMyZDUwMi00OWFiLTRjZTktODlhNC1hNGJjYjUxNzMyZjE= | E37: True | F37: unisex | G37: 02c2d502-49ab-4ce9-89a4-a4bcb51732f1_present | H37: 02c2d502-49ab-4ce9-89a4-a4bcb51732f1 | I37: node_02c2d502-49ab-4ce9-89a4-a4bcb51732f1_layman_question_yes | J37: Yes | K37: present | L37: False
A38: 02c2d502-49ab-4ce9-89a4-a4bcb51732f1 | B38: node_02c2d502-49ab-4ce9-89a4-a4bcb51732f1_layman_question | C38: Have you noticed a lump or swelling in the left lower part of the stomach which used to come and go but is now stuck out? | D38: https://aim-dashboard.internal.babylontech.co.uk/concepts/Q29uY2VwdDowMmMyZDUwMi00OWFiLTRjZTktODlhNC1hNGJjYjUxNzMyZjE= | E38: True | F38: unisex | G38: 02c2d502-49ab-4ce9-89a4-a4bcb51732f1_absent | H38: 02c2d502-49ab-4ce9-89a4-a4bcb51732f1 | I38: node_02c2d502-49ab-4ce9-89a4-a4bcb51732f1_layman_question_no | J38: No | K38: absent | L38: False
A39: 02c2d502-49ab-4ce9-89a4-a4bcb51732f1 | B39: node_02c2d502-49ab-4ce9-89a4-a4bcb51732f1_layman_question | C39: Have you noticed a lump or swelling in the left lower part of the stomach which used to come and go but is now stuck out? | D39: https://aim-dashboard.internal.babylontech.co.uk/concepts/Q29uY2VwdDowMmMyZDUwMi00OWFiLTRjZTktODlhNC1hNGJjYjUxNzMyZjE= | E39: True | F39: unisex | G39: 02c2d502-49ab-4ce9-89a4-a4bcb51732f1_unknown | I39: dont_know | J39: I don't know | K39: unknown | L39: False
A40: 02dbf285-3be3-5ebc-aeb3-9b9e2de35abc | B40: node_9166a645-d6c4-4811-86e7-0d5d4d962991_layman_question | C40: Have you been diagnosed with hyperthyroidism (over active thyroid)? | D40: https://aim-dashboard.internal.babylontech.co.uk/concepts/Q29uY2VwdDowMmRiZjI4NS0zYmUzLTVlYmMtYWViMy05YjllMmRlMzVhYmM= | E40: True | F40: unisex | G40: 02dbf285-3be3-5ebc-aeb3-9b9e2de35abc_present | H40: 02dbf285-3be3-5ebc-aeb3-9b9e2de35abc | I40: node_9166a645-d6c4-4811-86e7-0d5d4d962991_layman_question_yes | J40: Yes | K40: present | L40: False
A41: 02dbf285-3be3-5ebc-aeb3-9b9e2de35abc | B41: node_9166a645-d6c4-4811-86e7-0d5d4d962991_layman_question | C41: Have you been diagnosed with hyperthyroidism (over active thyroid)? | D41: https://aim-dashboard.internal.babylontech.co.uk/concepts/Q29uY2VwdDowMmRiZjI4NS0zYmUzLTVlYmMtYWViMy05YjllMmRlMzVhYmM= | E41: True | F41: unisex | G41: 02dbf285-3be3-5ebc-aeb3-9b9e2de35abc_absent | H41: 02dbf285-3be3-5ebc-aeb3-9b9e2de35abc | I41: node_9166a645-d6c4-4811-86e7-0d5d4d962991_layman_question_no | J41: No | K41: absent | L41: False
A42: 02dbf285-3be3-5ebc-aeb3-9b9e2de35abc | B42: node_9166a645-d6c4-4811-86e7-0d5d4d962991_layman_question | C42: Have you been diagnosed with hyperthyroidism (over active thyroid)? | D42: https://aim-dashboard.internal.babylontech.co.uk/concepts/Q29uY2VwdDowMmRiZjI4NS0zYmUzLTVlYmMtYWViMy05YjllMmRlMzVhYmM= | E42: True | F42: unisex | G42: 02dbf285-3be3-5ebc-aeb3-9b9e2de35abc_unknown | I42: dont_know | J42: I don't know | K42: unknown | L42: False
A43: 02dff1f4-d67a-4e43-85a9-d83eb6259c50 | B43: node_02dff1f4-d67a-4e43-85a9-d83eb6259c50_layman_question | C43: Is the pain in the top right of your abdomen there constantly? | D43: https://aim-dashboard.internal.babylontech.co.uk/concepts/Q29uY2VwdDowMmRmZjFmNC1kNjdhLTRlNDMtODVhOS1kODNlYjYyNTljNTA= | E43: True | F43: unisex | G43: 02dff1f4-d67a-4e43-85a9-d83eb6259c50_present | H43: 02dff1f4-d67a-4e43-85a9-d83eb6259c50 | I43: node_02dff1f4-d67a-4e43-85a9-d83eb6259c50_layman_question_yes | J43: Yes | K43: present | L43: False
A44: 02dff1f4-d67a-4e43-85a9-d83eb6259c50 | B44: node_02dff1f4-d67a-4e43-85a9-d83eb6259c50_layman_question | C44: Is the pain in the top right of your abdomen there constantly? | D44: https://aim-dashboard.internal.babylontech.co.uk/concepts/Q29uY2VwdDowMmRmZjFmNC1kNjdhLTRlNDMtODVhOS1kODNlYjYyNTljNTA= | E44: True | F44: unisex | G44: 02dff1f4-d67a-4e43-85a9-d83eb6259c50_absent | H44: 02dff1f4-d67a-4e43-85a9-d83eb6259c50 | I44: node_02dff1f4-d67a-4e43-85a9-d83eb6259c50_layman_question_no | J44: No | K44: absent | L44: False
A45: 02dff1f4-d67a-4e43-85a9-d83eb6259c50 | B45: node_02dff1f4-d67a-4e43-85a9-d83eb6259c50_layman_question | C45: Is the pain in the top right of your abdomen there constantly? | D45: https://aim-dashboard.internal.babylontech.co.uk/concepts/Q29uY2VwdDowMmRmZjFmNC1kNjdhLTRlNDMtODVhOS1kODNlYjYyNTljNTA= | E45: True | F45: unisex | G45: 02dff1f4-d67a-4e43-85a9-d83eb6259c50_unknown | I45: dont_know | J45: I don't know | K45: unknown | L45: False
A46: 03064a04-1a64-46ec-8e0c-3c4f0a85edc6 | B46: node_03064a04-1a64-46ec-8e0c-3c4f0a85edc6_layman_question | C46: Have either of your parents or any siblings been diagnosed with allergies, asthma, eczema or hay fever? | D46: https://aim-dashboard.internal.babylontech.co.uk/concepts/Q29uY2VwdDowMzA2NGEwNC0xYTY0LTQ2ZWMtOGUwYy0zYzRmMGE4NWVkYzY= | E46: True | F46: unisex | G46: 03064a04-1a64-46ec-8e0c-3c4f0a85edc6_present | H46: 03064a04-1a64-46ec-8e0c-3c4f0a85edc6 | I46: node_03064a04-1a64-46ec-8e0c-3c4f0a85edc6_layman_question_yes | J46: Yes | K46: present | L46: False
A47: 03064a04-1a64-46ec-8e0c-3c4f0a85edc6 | B47: node_03064a04-1a64-46ec-8e0c-3c4f0a85edc6_layman_question | C47: Have either of your parents or any siblings been diagnosed with allergies, asthma, eczema or hay fever? | D47: https://aim-dashboard.internal.babylontech.co.uk/concepts/Q29uY2VwdDowMzA2NGEwNC0xYTY0LTQ2ZWMtOGUwYy0zYzRmMGE4NWVkYzY= | E47: True | F47: unisex | G47: 03064a04-1a64-46ec-8e0c-3c4f0a85edc6_absent | H47: 03064a04-1a64-46ec-8e0c-3c4f0a85edc6 | I47: node_03064a04-1a64-46ec-8e0c-3c4f0a85edc6_layman_question_no | J47: No | K47: absent | L47: False
A48: 03064a04-1a64-46ec-8e0c-3c4f0a85edc6 | B48: node_03064a04-1a64-46ec-8e0c-3c4f0a85edc6_layman_question | C48: Have either of your parents or any siblings been diagnosed with allergies, asthma, eczema or hay fever? | D48: https://aim-dashboard.internal.babylontech.co.uk/concepts/Q29uY2VwdDowMzA2NGEwNC0xYTY0LTQ2ZWMtOGUwYy0zYzRmMGE4NWVkYzY= | E48: True | F48: unisex | G48: 03064a04-1a64-46ec-8e0c-3c4f0a85edc6_unknown | I48: dont_know | J48: I don't know | K48: unknown | L48: False
A49: 035d24e1-beff-47e8-92fe-0c9621ac7e74 | B49: node_035d24e1-beff-47e8-92fe-0c9621ac7e74_layman_question | C49: Did you lose your vision temporarily in one or both eyes? | D49: https://aim-dashboard.internal.babylontech.co.uk/concepts/Q29uY2VwdDowMzVkMjRlMS1iZWZmLTQ3ZTgtOTJmZS0wYzk2MjFhYzdlNzQ= | E49: True | F49: unisex | G49: 035d24e1-beff-47e8-92fe-0c9621ac7e74_present | H49: 035d24e1-beff-47e8-92fe-0c9621ac7e74 | I49: node_035d24e1-beff-47e8-92fe-0c9621ac7e74_layman_question_yes | J49: Yes | K49: present | L49: False
A50: 035d24e1-beff-47e8-92fe-0c9621ac7e74 | B50: node_035d24e1-beff-47e8-92fe-0c9621ac7e74_layman_question | C50: Did you lose your vision temporarily in one or both eyes? | D50: https://aim-dashboard.internal.babylontech.co.uk/concepts/Q29uY2VwdDowMzVkMjRlMS1iZWZmLTQ3ZTgtOTJmZS0wYzk2MjFhYzdlNzQ= | E50: True | F50: unisex | G50: 035d24e1-beff-47e8-92fe-0c9621ac7e74_absent | H50: 035d24e1-beff-47e8-92fe-0c9621ac7e74 | I50: node_035d24e1-beff-47e8-92fe-0c9621ac7e74_layman_question_no | J50: No | K50: absent | L50: False
A51: 035d24e1-beff-47e8-92fe-0c9621ac7e74 | B51: node_035d24e1-beff-47e8-92fe-0c9621ac7e74_layman_question | C51: Did you lose your vision temporarily in one or both eyes? | D51: https://aim-dashboard.internal.babylontech.co.uk/concepts/Q29uY2VwdDowMzVkMjRlMS1iZWZmLTQ3ZTgtOTJmZS0wYzk2MjFhYzdlNzQ= | E51: True | F51: unisex | G51: 035d24e1-beff-47e8-92fe-0c9621ac7e74_unknown | I51: dont_know | J51: I don't know | K51: unknown | L51: False
A52: 03a12644-a017-4eec-ad0e-e30d13a0d6ba | B52: node_03a12644-a017-4eec-ad0e-e30d13a0d6ba_layman_question | C52: Do you have pain over the outer aspect of your elbow which is worse with movement? | D52: https://aim-dashboard.internal.babylontech.co.uk/concepts/Q29uY2VwdDowM2ExMjY0NC1hMDE3LTRlZWMtYWQwZS1lMzBkMTNhMGQ2YmE= | E52: True | F52: unisex | G52: 03a12644-a017-4eec-ad0e-e30d13a0d6ba_present | H52: 03a12644-a017-4eec-ad0e-e30d13a0d6ba | I52: node_03a12644-a017-4eec-ad0e-e30d13a0d6ba_layman_question_yes | J52: Yes | K52: present | L52: False
A53: 03a12644-a017-4eec-ad0e-e30d13a0d6ba | B53: node_03a12644-a017-4eec-ad0e-e30d13a0d6ba_layman_question | C53: Do you have pain over the outer aspect of your elbow which is worse with movement? | D53: https://aim-dashboard.internal.babylontech.co.uk/concepts/Q29uY2VwdDowM2ExMjY0NC1hMDE3LTRlZWMtYWQwZS1lMzBkMTNhMGQ2YmE= | E53: True | F53: unisex | G53: 03a12644-a017-4eec-ad0e-e30d13a0d6ba_absent | H53: 03a12644-a017-4eec-ad0e-e30d13a0d6ba | I53: node_03a12644-a017-4eec-ad0e-e30d13a0d6ba_layman_question_no | J53: No | K53: absent | L53: False
A54: 03a12644-a017-4eec-ad0e-e30d13a0d6ba | B54: node_03a12644-a017-4eec-ad0e-e30d13a0d6ba_layman_question | C54: Do you have pain over the outer aspect of your elbow which is worse with movement? | D54: https://aim-dashboard.internal.babylontech.co.uk/concepts/Q29uY2VwdDowM2ExMjY0NC1hMDE3LTRlZWMtYWQwZS1lMzBkMTNhMGQ2YmE= | E54: True | F54: unisex | G54: 03a12644-a017-4eec-ad0e-e30d13a0d6ba_unknown | I54: dont_know | J54: I don't know | K54: unknown | L54: False
A55: 03af599d-10b1-419d-801c-dd67c63e4ce1 | B55: node_03af599d-10b1-419d-801c-dd67c63e4ce1_layman_question | C55: Did your top left abdominal pain come on suddenly? | D55: https://aim-dashboard.internal.babylontech.co.uk/concepts/Q29uY2VwdDowM2FmNTk5ZC0xMGIxLTQxOWQtODAxYy1kZDY3YzYzZTRjZTE= | E55: True | F55: unisex | G55: 03af599d-10b1-419d-801c-dd67c63e4ce1_present | H55: 03af599d-10b1-419d-801c-dd67c63e4ce1 | I55: node_03af599d-10b1-419d-801c-dd67c63e4ce1_layman_question_yes | J55: Yes | K55: present | L55: False
A56: 03af599d-10b1-419d-801c-dd67c63e4ce1 | B56: node_03af599d-10b1-419d-801c-dd67c63e4ce1_layman_question | C56: Did your top left abdominal pain come on suddenly? | D56: https://aim-dashboard.internal.babylontech.co.uk/concepts/Q29uY2VwdDowM2FmNTk5ZC0xMGIxLTQxOWQtODAxYy1kZDY3YzYzZTRjZTE= | E56: True | F56: unisex | G56: 03af599d-10b1-419d-801c-dd67c63e4ce1_absent | H56: 03af599d-10b1-419d-801c-dd67c63e4ce1 | I56: node_03af599d-10b1-419d-801c-dd67c63e4ce1_layman_question_no | J56: No | K56: absent | L56: False
A57: 03af599d-10b1-419d-801c-dd67c63e4ce1 | B57: node_03af599d-10b1-419d-801c-dd67c63e4ce1_layman_question | C57: Did your top left abdominal pain come on suddenly? | D57: https://aim-dashboard.internal.babylontech.co.uk/concepts/Q29uY2VwdDowM2FmNTk5ZC0xMGIxLTQxOWQtODAxYy1kZDY3YzYzZTRjZTE= | E57: True | F57: unisex | G57: 03af599d-10b1-419d-801c-dd67c63e4ce1_unknown | I57: dont_know | J57: I don't know | K57: unknown | L57: False
A58: 03b06810-bb35-43da-a91e-d4100d4fb7d3 | B58: node_03b06810-bb35-43da-a91e-d4100d4fb7d3_layman_question | C58: Does it look like you're developing breasts? | D58: https://aim-dashboard.internal.babylontech.co.uk/concepts/Q29uY2VwdDowM2IwNjgxMC1iYjM1LTQzZGEtYTkxZS1kNDEwMGQ0ZmI3ZDM= | E58: True | F58: male_only | G58: 03b06810-bb35-43da-a91e-d4100d4fb7d3_present | H58: 03b06810-bb35-43da-a91e-d4100d4fb7d3 | I58: node_03b06810-bb35-43da-a91e-d4100d4fb7d3_layman_question_yes | J58: Yes | K58: present | L58: False
A59: 03b06810-bb35-43da-a91e-d4100d4fb7d3 | B59: node_03b06810-bb35-43da-a91e-d4100d4fb7d3_layman_question | C59: Does it look like you're developing breasts? | D59: https://aim-dashboard.internal.babylontech.co.uk/concepts/Q29uY2VwdDowM2IwNjgxMC1iYjM1LTQzZGEtYTkxZS1kNDEwMGQ0ZmI3ZDM= | E59: True | F59: male_only | G59: 03b06810-bb35-43da-a91e-d4100d4fb7d3_absent | H59: 03b06810-bb35-43da-a91e-d4100d4fb7d3 | I59: node_03b06810-bb35-43da-a91e-d4100d4fb7d3_layman_question_no | J59: No | K59: absent | L59: False
A60: 03b06810-bb35-43da-a91e-d4100d4fb7d3 | B60: node_03b06810-bb35-43da-a91e-d4100d4fb7d3_layman_question | C60: Does it look like you're developing breasts? | D60: https://aim-dashboard.internal.babylontech.co.uk/concepts/Q29uY2VwdDowM2IwNjgxMC1iYjM1LTQzZGEtYTkxZS1kNDEwMGQ0ZmI3ZDM= | E60: True | F60: male_only | G60: 03b06810-bb35-43da-a91e-d4100d4fb7d3_unknown | I60: dont_know | J60: I don't know | K60: unknown | L60: False
A61: 03bfea52-6f3c-491f-affa-e4b59f6d41e7 | B61: node_03bfea52-6f3c-491f-affa-e4b59f6d41e7_layman_question | C61: Have you noticed that your skin is drier than usual? | D61: https://aim-dashboard.internal.babylontech.co.uk/concepts/Q29uY2VwdDowM2JmZWE1Mi02ZjNjLTQ5MWYtYWZmYS1lNGI1OWY2ZDQxZTc= | E61: True | F61: unisex | G61: 03bfea52-6f3c-491f-affa-e4b59f6d41e7_present | H61: 03bfea52-6f3c-491f-affa-e4b59f6d41e7 | I61: node_03bfea52-6f3c-491f-affa-e4b59f6d41e7_layman_question_yes | J61: Yes | K61: present | L61: False
A62: 03bfea52-6f3c-491f-affa-e4b59f6d41e7 | B62: node_03bfea52-6f3c-491f-affa-e4b59f6d41e7_layman_question | C62: Have you noticed that your skin is drier than usual? | D62: https://aim-dashboard.internal.babylontech.co.uk/concepts/Q29uY2VwdDowM2JmZWE1Mi02ZjNjLTQ5MWYtYWZmYS1lNGI1OWY2ZDQxZTc= | E62: True | F62: unisex | G62: 03bfea52-6f3c-491f-affa-e4b59f6d41e7_absent | H62: 03bfea52-6f3c-491f-affa-e4b59f6d41e7 | I62: node_03bfea52-6f3c-491f-affa-e4b59f6d41e7_layman_question_no | J62: No | K62: absent | L62: False
A63: 03bfea52-6f3c-491f-affa-e4b59f6d41e7 | B63: node_03bfea52-6f3c-491f-affa-e4b59f6d41e7_layman_question | C63: Have you noticed that your skin is drier than usual? | D63: https://aim-dashboard.internal.babylontech.co.uk/concepts/Q29uY2VwdDowM2JmZWE1Mi02ZjNjLTQ5MWYtYWZmYS1lNGI1OWY2ZDQxZTc= | E63: True | F63: unisex | G63: 03bfea52-6f3c-491f-affa-e4b59f6d41e7_unknown | I63: dont_know | J63: I don't know | K63: unknown | L63: False
A64: 03e92a60-9e4f-48d0-8fdf-c4c8d8dc759c | B64: node_03e92a60-9e4f-48d0-8fdf-c4c8d8dc759c_layman_question | C64: Was your shoulder initially painful for a period before becoming stiff? | D64: https://aim-dashboard.internal.babylontech.co.uk/concepts/Q29uY2VwdDowM2U5MmE2MC05ZTRmLTQ4ZDAtOGZkZi1jNGM4ZDhkYzc1OWM= | E64: True | F64: unisex | G64: 03e92a60-9e4f-48d0-8fdf-c4c8d8dc759c_present | H64: 03e92a60-9e4f-48d0-8fdf-c4c8d8dc759c | I64: node_03e92a60-9e4f-48d0-8fdf-c4c8d8dc759c_layman_question_yes | J64: Yes | K64: present | L64: False
A65: 03e92a60-9e4f-48d0-8fdf-c4c8d8dc759c | B65: node_03e92a60-9e4f-48d0-8fdf-c4c8d8dc759c_layman_question | C65: Was your shoulder initially painful for a period before becoming stiff? | D65: https://aim-dashboard.internal.babylontech.co.uk/concepts/Q29uY2VwdDowM2U5MmE2MC05ZTRmLTQ4ZDAtOGZkZi1jNGM4ZDhkYzc1OWM= | E65: True | F65: unisex | G65: 03e92a60-9e4f-48d0-8fdf-c4c8d8dc759c_absent | H65: 03e92a60-9e4f-48d0-8fdf-c4c8d8dc759c | I65: node_03e92a60-9e4f-48d0-8fdf-c4c8d8dc759c_layman_question_no | J65: No | K65: absent | L65: False
A66: 03e92a60-9e4f-48d0-8fdf-c4c8d8dc759c | B66: node_03e92a60-9e4f-48d0-8fdf-c4c8d8dc759c_layman_question | C66: Was your shoulder initially painful for a period before becoming stiff? | D66: https://aim-dashboard.internal.babylontech.co.uk/concepts/Q29uY2VwdDowM2U5MmE2MC05ZTRmLTQ4ZDAtOGZkZi1jNGM4ZDhkYzc1OWM= | E66: True | F66: unisex | G66: 03e92a60-9e4f-48d0-8fdf-c4c8d8dc759c_unknown | I66: dont_know | J66: I don't know | K66: unknown | L66: False
A67: 0410b7fa-ddd7-4c7b-b544-2ce95bc2f800 | B67: node_0410b7fa-ddd7-4c7b-b544-2ce95bc2f800_layman_question | C67: Have you recently lost weight without intending to? | D67: https://aim-dashboard.internal.babylontech.co.uk/concepts/Q29uY2VwdDowNDEwYjdmYS1kZGQ3LTRjN2ItYjU0NC0yY2U5NWJjMmY4MDA= | E67: True | F67: unisex | G67: 0410b7fa-ddd7-4c7b-b544-2ce95bc2f800_present | H67: 0410b7fa-ddd7-4c7b-b544-2ce95bc2f800 | I67: node_0410b7fa-ddd7-4c7b-b544-2ce95bc2f800_layman_question_yes | J67: Yes | K67: present | L67: False
A68: 0410b7fa-ddd7-4c7b-b544-2ce95bc2f800 | B68: node_0410b7fa-ddd7-4c7b-b544-2ce95bc2f800_layman_question | C68: Have you recently lost weight without intending to? | D68: https://aim-dashboard.internal.babylontech.co.uk/concepts/Q29uY2VwdDowNDEwYjdmYS1kZGQ3LTRjN2ItYjU0NC0yY2U5NWJjMmY4MDA= | E68: True | F68: unisex | G68: 0410b7fa-ddd7-4c7b-b544-2ce95bc2f800_absent | H68: 0410b7fa-ddd7-4c7b-b544-2ce95bc2f800 | I68: node_0410b7fa-ddd7-4c7b-b544-2ce95bc2f800_layman_question_no | J68: No | K68: absent | L68: False
A69: 0410b7fa-ddd7-4c7b-b544-2ce95bc2f800 | B69: node_0410b7fa-ddd7-4c7b-b544-2ce95bc2f800_layman_question | C69: Have you recently lost weight without intending to? | D69: https://aim-dashboard.internal.babylontech.co.uk/concepts/Q29uY2VwdDowNDEwYjdmYS1kZGQ3LTRjN2ItYjU0NC0yY2U5NWJjMmY4MDA= | E69: True | F69: unisex | G69: 0410b7fa-ddd7-4c7b-b544-2ce95bc2f800_unknown | I69: dont_know | J69: I don't know | K69: unknown | L69: False
A70: 04210e65-22f1-4270-9262-629a263b4027 | B70: node_04210e65-22f1-4270-9262-629a263b4027_layman_question | C70: Is your urine frothy? | D70: https://aim-dashboard.internal.babylontech.co.uk/concepts/Q29uY2VwdDowNDIxMGU2NS0yMmYxLTQyNzAtOTI2Mi02MjlhMjYzYjQwMjc= | E70: True | F70: unisex | G70: 04210e65-22f1-4270-9262-629a263b4027_present | H70: 04210e65-22f1-4270-9262-629a263b4027 | I70: node_04210e65-22f1-4270-9262-629a263b4027_layman_question_yes | J70: Yes | K70: present | L70: False
A71: 04210e65-22f1-4270-9262-629a263b4027 | B71: node_04210e65-22f1-4270-9262-629a263b4027_layman_question | C71: Is your urine frothy? | D71: https://aim-dashboard.internal.babylontech.co.uk/concepts/Q29uY2VwdDowNDIxMGU2NS0yMmYxLTQyNzAtOTI2Mi02MjlhMjYzYjQwMjc= | E71: True | F71: unisex | G71: 04210e65-22f1-4270-9262-629a263b4027_absent | H71: 04210e65-22f1-4270-9262-629a263b4027 | I71: node_04210e65-22f1-4270-9262-629a263b4027_layman_question_no | J71: No | K71: absent | L71: False
A72: 04210e65-22f1-4270-9262-629a263b4027 | B72: node_04210e65-22f1-4270-9262-629a263b4027_layman_question | C72: Is your urine frothy? | D72: https://aim-dashboard.internal.babylontech.co.uk/concepts/Q29uY2VwdDowNDIxMGU2NS0yMmYxLTQyNzAtOTI2Mi02MjlhMjYzYjQwMjc= | E72: True | F72: unisex | G72: 04210e65-22f1-4270-9262-629a263b4027_unknown | I72: dont_know | J72: I don't know | K72: unknown | L72: False
A73: 0483d18d-f62d-4c73-9265-b2fc325f5fd7 | B73: node_0483d18d-f62d-4c73-9265-b2fc325f5fd7_layman_question | C73: Do you have any pain in your leg? | D73: https://aim-dashboard.internal.babylontech.co.uk/concepts/Q29uY2VwdDowNDgzZDE4ZC1mNjJkLTRjNzMtOTI2NS1iMmZjMzI1ZjVmZDc= | E73: True | F73: unisex | G73: 0483d18d-f62d-4c73-9265-b2fc325f5fd7_present | H73: 0483d18d-f62d-4c73-9265-b2fc325f5fd7 | I73: node_0483d18d-f62d-4c73-9265-b2fc325f5fd7_layman_question_yes | J73: Yes | K73: present | L73: False
A74: 0483d18d-f62d-4c73-9265-b2fc325f5fd7 | B74: node_0483d18d-f62d-4c73-9265-b2fc325f5fd7_layman_question | C74: Do you have any pain in your leg? | D74: https://aim-dashboard.internal.babylontech.co.uk/concepts/Q29uY2VwdDowNDgzZDE4ZC1mNjJkLTRjNzMtOTI2NS1iMmZjMzI1ZjVmZDc= | E74: True | F74: unisex | G74: 0483d18d-f62d-4c73-9265-b2fc325f5fd7_absent | H74: 0483d18d-f62d-4c73-9265-b2fc325f5fd7 | I74: node_0483d18d-f62d-4c73-9265-b2fc325f5fd7_layman_question_no | J74: No | K74: absent | L74: False
A75: 0483d18d-f62d-4c73-9265-b2fc325f5fd7 | B75: node_0483d18d-f62d-4c73-9265-b2fc325f5fd7_layman_question | C75: Do you have any pain in your leg? | D75: https://aim-dashboard.internal.babylontech.co.uk/concepts/Q29uY2VwdDowNDgzZDE4ZC1mNjJkLTRjNzMtOTI2NS1iMmZjMzI1ZjVmZDc= | E75: True | F75: unisex | G75: 0483d18d-f62d-4c73-9265-b2fc325f5fd7_unknown | I75: dont_know | J75: I don't know | K75: unknown | L75: False
A76: 0484c900-1faa-4682-a652-e25f3638fe32 | B76: node_0484c900-1faa-4682-a652-e25f3638fe32_layman_question | C76: Have you had abdominal surgery in the past (more than 30 days ago)? | D76: https://aim-dashboard.internal.babylontech.co.uk/concepts/Q29uY2VwdDowNDg0YzkwMC0xZmFhLTQ2ODItYTY1Mi1lMjVmMzYzOGZlMzI= | E76: True | F76: unisex | G76: 0484c900-1faa-4682-a652-e25f3638fe32_present | H76: 0484c900-1faa-4682-a652-e25f3638fe32 | I76: node_0484c900-1faa-4682-a652-e25f3638fe32_layman_question_yes | J76: Yes | K76: present | L76: False
A77: 0484c900-1faa-4682-a652-e25f3638fe32 | B77: node_0484c900-1faa-4682-a652-e25f3638fe32_layman_question | C77: Have you had abdominal surgery in the past (more than 30 days ago)? | D77: https://aim-dashboard.internal.babylontech.co.uk/concepts/Q29uY2VwdDowNDg0YzkwMC0xZmFhLTQ2ODItYTY1Mi1lMjVmMzYzOGZlMzI= | E77: True | F77: unisex | G77: 0484c900-1faa-4682-a652-e25f3638fe32_absent | H77: 0484c900-1faa-4682-a652-e25f3638fe32 | I77: node_0484c900-1faa-4682-a652-e25f3638fe32_layman_question_no | J77: No | K77: absent | L77: False
A78: 0484c900-1faa-4682-a652-e25f3638fe32 | B78: node_0484c900-1faa-4682-a652-e25f3638fe32_layman_question | C78: Have you had abdominal surgery in the past (more than 30 days ago)? | D78: https://aim-dashboard.internal.babylontech.co.uk/concepts/Q29uY2VwdDowNDg0YzkwMC0xZmFhLTQ2ODItYTY1Mi1lMjVmMzYzOGZlMzI= | E78: True | F78: unisex | G78: 0484c900-1faa-4682-a652-e25f3638fe32_unknown | I78: dont_know | J78: I don't know | K78: unknown | L78: False
A79: 04a3d021-65c7-454e-bef4-c9ab3808c77c | B79: node_04a3d021-65c7-454e-bef4-c9ab3808c77c_layman_question | C79: Is the pain around your belly button aching in nature? | D79: https://aim-dashboard.internal.babylontech.co.uk/concepts/Q29uY2VwdDowNGEzZDAyMS02NWM3LTQ1NGUtYmVmNC1jOWFiMzgwOGM3N2M= | E79: True | F79: unisex | G79: 04a3d021-65c7-454e-bef4-c9ab3808c77c_present | H79: 04a3d021-65c7-454e-bef4-c9ab3808c77c | I79: node_04a3d021-65c7-454e-bef4-c9ab3808c77c_layman_question_yes | J79: Yes | K79: present | L79: False
A80: 04a3d021-65c7-454e-bef4-c9ab3808c77c | B80: node_04a3d021-65c7-454e-bef4-c9ab3808c77c_layman_question | C80: Is the pain around your belly button aching in nature? | D80: https://aim-dashboard.internal.babylontech.co.uk/concepts/Q29uY2VwdDowNGEzZDAyMS02NWM3LTQ1NGUtYmVmNC1jOWFiMzgwOGM3N2M= | E80: True | F80: unisex | G80: 04a3d021-65c7-454e-bef4-c9ab3808c77c_absent | H80: 04a3d021-65c7-454e-bef4-c9ab3808c77c | I80: node_04a3d021-65c7-454e-bef4-c9ab3808c77c_layman_question_no | J80: No | K80: absent | L80: False
A81: 04a3d021-65c7-454e-bef4-c9ab3808c77c | B81: node_04a3d021-65c7-454e-bef4-c9ab3808c77c_layman_question | C81: Is the pain around your belly button aching in nature? | D81: https://aim-dashboard.internal.babylontech.co.uk/concepts/Q29uY2VwdDowNGEzZDAyMS02NWM3LTQ1NGUtYmVmNC1jOWFiMzgwOGM3N2M= | E81: True | F81: unisex | G81: 04a3d021-65c7-454e-bef4-c9ab3808c77c_unknown | I81: dont_know | J81: I don't know | K81: unknown | L81: False
A82: 04cc7c39-3846-41de-bc46-be574cc2128a | B82: node_04cc7c39-3846-41de-bc46-be574cc2128a_layman_question | C82: Have you developed blisters around your mouth? | D82: https://aim-dashboard.internal.babylontech.co.uk/concepts/Q29uY2VwdDowNGNjN2MzOS0zODQ2LTQxZGUtYmM0Ni1iZTU3NGNjMjEyOGE= | E82: True | F82: unisex | G82: 04cc7c39-3846-41de-bc46-be574cc2128a_present | H82: 04cc7c39-3846-41de-bc46-be574cc2128a | I82: node_04cc7c39-3846-41de-bc46-be574cc2128a_layman_question_yes | J82: Yes | K82: present | L82: False
A83: 04cc7c39-3846-41de-bc46-be574cc2128a | B83: node_04cc7c39-3846-41de-bc46-be574cc2128a_layman_question | C83: Have you developed blisters around your mouth? | D83: https://aim-dashboard.internal.babylontech.co.uk/concepts/Q29uY2VwdDowNGNjN2MzOS0zODQ2LTQxZGUtYmM0Ni1iZTU3NGNjMjEyOGE= | E83: True | F83: unisex | G83: 04cc7c39-3846-41de-bc46-be574cc2128a_absent | H83: 04cc7c39-3846-41de-bc46-be574cc2128a | I83: node_04cc7c39-3846-41de-bc46-be574cc2128a_layman_question_no | J83: No | K83: absent | L83: False
A84: 04cc7c39-3846-41de-bc46-be574cc2128a | B84: node_04cc7c39-3846-41de-bc46-be574cc2128a_layman_question | C84: Have you developed blisters around your mouth? | D84: https://aim-dashboard.internal.babylontech.co.uk/concepts/Q29uY2VwdDowNGNjN2MzOS0zODQ2LTQxZGUtYmM0Ni1iZTU3NGNjMjEyOGE= | E84: True | F84: unisex | G84: 04cc7c39-3846-41de-bc46-be574cc2128a_unknown | I84: dont_know | J84: I don't know | K84: unknown | L84: False
A85: 059f77a0-94cb-57b1-9e15-95d39208e626 | B85: node_0f7cd43e-3c9f-42f7-b0a3-e3d6c3b2c975_layman_question | C85: Have you been diagnosed with chronic pelvic pain? | D85: https://aim-dashboard.internal.babylontech.co.uk/concepts/Q29uY2VwdDowNTlmNzdhMC05NGNiLTU3YjEtOWUxNS05NWQzOTIwOGU2MjY= | E85: True | F85: female_only | G85: 059f77a0-94cb-57b1-9e15-95d39208e626_present | H85: 059f77a0-94cb-57b1-9e15-95d39208e626 | I85: node_0f7cd43e-3c9f-42f7-b0a3-e3d6c3b2c975_layman_question_yes | J85: Yes | K85: present | L85: False
A86: 059f77a0-94cb-57b1-9e15-95d39208e626 | B86: node_0f7cd43e-3c9f-42f7-b0a3-e3d6c3b2c975_layman_question | C86: Have you been diagnosed with chronic pelvic pain? | D86: https://aim-dashboard.internal.babylontech.co.uk/concepts/Q29uY2VwdDowNTlmNzdhMC05NGNiLTU3YjEtOWUxNS05NWQzOTIwOGU2MjY= | E86: True | F86: female_only | G86: 059f77a0-94cb-57b1-9e15-95d39208e626_absent | H86: 059f77a0-94cb-57b1-9e15-95d39208e626 | I86: node_0f7cd43e-3c9f-42f7-b0a3-e3d6c3b2c975_layman_question_no | J86: No | K86: absent | L86: False
A87: 059f77a0-94cb-57b1-9e15-95d39208e626 | B87: node_0f7cd43e-3c9f-42f7-b0a3-e3d6c3b2c975_layman_question | C87: Have you been diagnosed with chronic pelvic pain? | D87: https://aim-dashboard.internal.babylontech.co.uk/concepts/Q29uY2VwdDowNTlmNzdhMC05NGNiLTU3YjEtOWUxNS05NWQzOTIwOGU2MjY= | E87: True | F87: female_only | G87: 059f77a0-94cb-57b1-9e15-95d39208e626_unknown | I87: dont_know | J87: I don't know | K87: unknown | L87: False
A88: 068f4c7a-34f6-4d5b-a955-3e85b8d85375 | B88: question_068f4c7a-34f6-4d5b-a955-3e85b8d85375_text | C88: Is your shoulder pain in one shoulder or both? | D88: https://aim-dashboard.internal.babylontech.co.uk/questions/UXVlc3Rpb246MDY4ZjRjN2EtMzRmNi00ZDViLWE5NTUtM2U4NWI4ZDg1Mzc1 | E88: True | F88: unisex | G88: 8c83e808-1191-42c8-825b-99709fe13175 | H88: 6847c6ed-acb6-4213-9c95-e1d059c60a7f | I88: answer_8c83e808-1191-42c8-825b-99709fe13175_text | J88: One shoulder | K88: present | L88: False
A89: 068f4c7a-34f6-4d5b-a955-3e85b8d85375 | B89: question_068f4c7a-34f6-4d5b-a955-3e85b8d85375_text | C89: Is your shoulder pain in one shoulder or both? | D89: https://aim-dashboard.internal.babylontech.co.uk/questions/UXVlc3Rpb246MDY4ZjRjN2EtMzRmNi00ZDViLWE5NTUtM2U4NWI4ZDg1Mzc1 | E89: True | F89: unisex | G89: 2b425eda-2b9b-40e9-9695-9f16a1e632dc | H89: f9ba3fa8-9156-4363-b399-a1d0e1025716 | I89: answer_2b425eda-2b9b-40e9-9695-9f16a1e632dc_text | J89: Both shoulders | K89: present | L89: False
A90: 06db6a75-23f7-47db-ae52-0f191acc780e | B90: node_06db6a75-23f7-47db-ae52-0f191acc780e_layman_question | C90: Is your mouth much drier than usual? | D90: https://aim-dashboard.internal.babylontech.co.uk/concepts/Q29uY2VwdDowNmRiNmE3NS0yM2Y3LTQ3ZGItYWU1Mi0wZjE5MWFjYzc4MGU= | E90: True | F90: unisex | G90: 06db6a75-23f7-47db-ae52-0f191acc780e_present | H90: 06db6a75-23f7-47db-ae52-0f191acc780e | I90: node_06db6a75-23f7-47db-ae52-0f191acc780e_layman_question_yes | J90: Yes | K90: present | L90: False
A91: 06db6a75-23f7-47db-ae52-0f191acc780e | B91: node_06db6a75-23f7-47db-ae52-0f191acc780e_layman_question | C91: Is your mouth much drier than usual? | D91: https://aim-dashboard.internal.babylontech.co.uk/concepts/Q29uY2VwdDowNmRiNmE3NS0yM2Y3LTQ3ZGItYWU1Mi0wZjE5MWFjYzc4MGU= | E91: True | F91: unisex | G91: 06db6a75-23f7-47db-ae52-0f191acc780e_absent | H91: 06db6a75-23f7-47db-ae52-0f191acc780e | I91: node_06db6a75-23f7-47db-ae52-0f191acc780e_layman_question_no | J91: No | K91: absent | L91: False
A92: 06db6a75-23f7-47db-ae52-0f191acc780e | B92: node_06db6a75-23f7-47db-ae52-0f191acc780e_layman_question | C92: Is your mouth much drier than usual? | D92: https://aim-dashboard.internal.babylontech.co.uk/concepts/Q29uY2VwdDowNmRiNmE3NS0yM2Y3LTQ3ZGItYWU1Mi0wZjE5MWFjYzc4MGU= | E92: True | F92: unisex | G92: 06db6a75-23f7-47db-ae52-0f191acc780e_unknown | I92: dont_know | J92: I don't know | K92: unknown | L92: False
A93: 06e39873-fc6a-462b-ae35-a73ff5b0030b | B93: node_06e39873-fc6a-462b-ae35-a73ff5b0030b_layman_question | C93: Do you have a skin sore which is discharging/leaking? | D93: https://aim-dashboard.internal.babylontech.co.uk/concepts/Q29uY2VwdDowNmUzOTg3My1mYzZhLTQ2MmItYWUzNS1hNzNmZjViMDAzMGI= | E93: True | F93: unisex | G93: 06e39873-fc6a-462b-ae35-a73ff5b0030b_present | H93: 06e39873-fc6a-462b-ae35-a73ff5b0030b | I93: node_06e39873-fc6a-462b-ae35-a73ff5b0030b_layman_question_yes | J93: Yes | K93: present | L93: False
A94: 06e39873-fc6a-462b-ae35-a73ff5b0030b | B94: node_06e39873-fc6a-462b-ae35-a73ff5b0030b_layman_question | C94: Do you have a skin sore which is discharging/leaking? | D94: https://aim-dashboard.internal.babylontech.co.uk/concepts/Q29uY2VwdDowNmUzOTg3My1mYzZhLTQ2MmItYWUzNS1hNzNmZjViMDAzMGI= | E94: True | F94: unisex | G94: 06e39873-fc6a-462b-ae35-a73ff5b0030b_absent | H94: 06e39873-fc6a-462b-ae35-a73ff5b0030b | I94: node_06e39873-fc6a-462b-ae35-a73ff5b0030b_layman_question_no | J94: No | K94: absent | L94: False
A95: 06e39873-fc6a-462b-ae35-a73ff5b0030b | B95: node_06e39873-fc6a-462b-ae35-a73ff5b0030b_layman_question | C95: Do you have a skin sore which is discharging/leaking? | D95: https://aim-dashboard.internal.babylontech.co.uk/concepts/Q29uY2VwdDowNmUzOTg3My1mYzZhLTQ2MmItYWUzNS1hNzNmZjViMDAzMGI= | E95: True | F95: unisex | G95: 06e39873-fc6a-462b-ae35-a73ff5b0030b_unknown | I95: dont_know | J95: I don't know | K95: unknown | L95: False
A96: 07163524-ed62-4690-a9d9-61f45c66a10b | B96: question_07163524-ed62-4690-a9d9-61f45c66a10b_text | C96: Have you gone through the menopause? | D96: https://aim-dashboard.internal.babylontech.co.uk/questions/UXVlc3Rpb246MDcxNjM1MjQtZWQ2Mi00NjkwLWE5ZDktNjFmNDVjNjZhMTBi | E96: True | F96: female_only | G96: a7832c20-6524-4444-bed7-bfe8b5e5472b | H96: b99e22c1-9d1d-4d7b-b1db-47888e4c2975 | I96: answer_a7832c20-6524-4444-bed7-bfe8b5e5472b_text | J96: Yes | K96: present | L96: False
A97: 07163524-ed62-4690-a9d9-61f45c66a10b | B97: question_07163524-ed62-4690-a9d9-61f45c66a10b_text | C97: Have you gone through the menopause? | D97: https://aim-dashboard.internal.babylontech.co.uk/questions/UXVlc3Rpb246MDcxNjM1MjQtZWQ2Mi00NjkwLWE5ZDktNjFmNDVjNjZhMTBi | E97: True | F97: female_only | G97: a09def51-f1ed-46f1-9abd-cffe31328f39 | H97: 129703bf-99c1-47ef-894e-dc7ad47fcfc4 | I97: answer_a09def51-f1ed-46f1-9abd-cffe31328f39_text | J97: No | K97: present | L97: False
A98: 07315fc6-8539-4760-9f86-ba885233b9a7 | B98: node_07315fc6-8539-4760-9f86-ba885233b9a7_layman_question | C98: Is your nose itchy? | D98: https://aim-dashboard.internal.babylontech.co.uk/concepts/Q29uY2VwdDowNzMxNWZjNi04NTM5LTQ3NjAtOWY4Ni1iYTg4NTIzM2I5YTc= | E98: True | F98: unisex | G98: 07315fc6-8539-4760-9f86-ba885233b9a7_present | H98: 07315fc6-8539-4760-9f86-ba885233b9a7 | I98: node_07315fc6-8539-4760-9f86-ba885233b9a7_layman_question_yes | J98: Yes | K98: present | L98: False
A99: 07315fc6-8539-4760-9f86-ba885233b9a7 | B99: node_07315fc6-8539-4760-9f86-ba885233b9a7_layman_question | C99: Is your nose itchy? | D99: https://aim-dashboard.internal.babylontech.co.uk/concepts/Q29uY2VwdDowNzMxNWZjNi04NTM5LTQ3NjAtOWY4Ni1iYTg4NTIzM2I5YTc= | E99: True | F99: unisex | G99: 07315fc6-8539-4760-9f86-ba885233b9a7_absent | H99: 07315fc6-8539-4760-9f86-ba885233b9a7 | I99: node_07315fc6-8539-4760-9f86-ba885233b9a7_layman_question_no | J99: No | K99: absent | L99: False
A100: 07315fc6-8539-4760-9f86-ba885233b9a7 | B100: node_07315fc6-8539-4760-9f86-ba885233b9a7_layman_question | C100: Is your nose itchy? | D100: https://aim-dashboard.internal.babylontech.co.uk/concepts/Q29uY2VwdDowNzMxNWZjNi04NTM5LTQ3NjAtOWY4Ni1iYTg4NTIzM2I5YTc= | E100: True | F100: unisex | G100: 07315fc6-8539-4760-9f86-ba885233b9a7_unknown | I100: dont_know | J100: I don't know | K100: unknown | L100: False
...

Sheet concepts_aug102021
A1: id | B1: name | C1: concept type | D1: medical system | E1: is draft | F1: is epi concept | G1: base kb iri | H1: layman name | I1: last updated Aug 10 2021
A2: 001fa650-28b0-49a1-b36d-76503257d798 | B2: Pain in penis | C2: SYMPTOM | D2: None | E2: FALSE | F2: TRUE | G2: https://bbl.health/87aa1GcS2z | H2: Pain in penis
A3: 003eb640-3e58-43c9-9a15-47d92c98120f | B3: Peri-orbital cellulitis | C3: DISEASE | D3: OPHTHALMOLOGY | E3: FALSE | F3: TRUE | G3: https://bbl.health/qjOMB7JE5q | H3: Peri-orbital cellulitis
A4: 004669a5-428b-4dd6-867c-8421bbb0ba05 | B4: Panic attack | C4: DISEASE | D4: MENTAL_HEALTH | E4: FALSE | F4: TRUE | G4: https://bbl.health/QgkUW3D8Ar | H4: Panic attack
A5: 008e744b-596c-44f8-9239-dd711f5212fc | B5: Chronic Pancreatitis | C5: DISEASE | D5: GASTROENTEROLOGY_HEPATOLOGY | E5: FALSE | F5: TRUE | G5: https://bbl.health/1aQ5drg4Bk | H5: Chronic pancreatitis
A6: 00aace0c-fb7a-466d-9371-d36cd1cd2aa3 | B6: Exposure to lice or mites | C6: RISK_FACTOR | D6: None | E6: FALSE | F6: TRUE | G6: https://bbl.health/jiXNo61uke | H6: Exposure to lice or mites
A7: 00be17ce-bd15-48f0-9b35-a5679959a152 | B7: Dietary iodine deficiency | C7: RISK_FACTOR | D7: None | E7: FALSE | F7: TRUE | G7: https://bbl.health/JBLsBKYBZw | H7: Dietary iodine deficiency
A8: 01029c68-0a2a-4a0c-872d-10311a774b61 | B8: Epigastric Pain Worse Lying Down | C8: SYMPTOM | D8: None | E8: FALSE | F8: TRUE | G8: https://bbl.health/lcbAguJpZA | H8: Central upper abdominal pain, worse when lying down
A9: 0143922f-d0c9-42fd-9165-5170996300b9 | B9: Temporomandibular joint-pain-dysfunction syndrome | C9: DISEASE | D9: ENT | E9: FALSE | F9: TRUE | G9: https://bbl.health/dD0Yfhd4FU | H9: TMJ dysfunction
A10: 019b0e3a-d932-4694-8014-c4c7615d6191 | B10: No contraceptive precautions (female) | C10: RISK_FACTOR | D10: None | E10: FALSE | F10: TRUE | G10: https://bbl.health/ReB9D1HdeE | H10: No contraceptive precautions
A11: 01e7dc30-406d-40de-8f8e-893cb0fbecad | B11: Retinal artery occlusion | C11: DISEASE | D11: OPHTHALMOLOGY | E11: FALSE | F11: TRUE | G11: https://bbl.health/xstI6_bMju | H11: Retinal artery occlusion
A12: 0250a1f9-1039-45f5-8b99-22b61e906d85 | B12: Benign paroxysmal positional vertigo | C12: DISEASE | D12: ENT | E12: FALSE | F12: TRUE | G12: https://bbl.health/5co4agcN_K | H12: Benign Paroxysmal Positional Vertigo
A13: 029177e2-337b-4a7d-a596-cd4779c6471e | B13: History of panic attacks | C13: RISK_FACTOR | D13: None | E13: FALSE | F13: TRUE | G13: https://bbl.health/wFAKjkGQEI | H13: History of panic attacks
... A1579: ffbd5f4e-d64a-49c5-ac12-bc69ed29d5db | B1579: Viral upper respiratory tract infection | C1579: DISEASE | D1579: RESPIRATORY | E1579: FALSE | F1579: TRUE | G1579: https://bbl.health/D4EoXV-wo4 | H1579: Viral upper respiratory tract infection

Sheet concepts_july132021
A1: id | B1: name | C1: concept type | D1: medical system | E1: is draft | F1: is epi concept | G1: last updated July 13 2021
A2: 001fa650-28b0-49a1-b36d-76503257d798 | B2: Pain in penis | C2: SYMPTOM | D2: None | E2: FALSE | F2: TRUE
A3: 003eb640-3e58-43c9-9a15-47d92c98120f | B3: Peri-orbital cellulitis | C3: DISEASE | D3: OPHTHALMOLOGY | E3: FALSE | F3: TRUE
A4: 004669a5-428b-4dd6-867c-8421bbb0ba05 | B4: Panic attack | C4: DISEASE | D4: MENTAL_HEALTH | E4: FALSE | F4: TRUE
A5: 008e744b-596c-44f8-9239-dd711f5212fc | B5: Chronic Pancreatitis | C5: DISEASE | D5: GASTROENTEROLOGY_HEPATOLOGY | E5: FALSE | F5: TRUE
A6: 00aace0c-fb7a-466d-9371-d36cd1cd2aa3 | B6: Exposure to lice or mites | C6: RISK_FACTOR | D6: None | E6: FALSE | F6: TRUE
A7: 00be17ce-bd15-48f0-9b35-a5679959a152 | B7: Dietary iodine deficiency | C7: RISK_FACTOR | D7: None | E7: FALSE | F7: TRUE
A8: 01029c68-0a2a-4a0c-872d-10311a774b61 | B8: Epigastric Pain Worse Lying Down | C8: SYMPTOM | D8: None | E8: FALSE | F8: TRUE
A9: 0143922f-d0c9-42fd-9165-5170996300b9 | B9: Temporomandibular joint-pain-dysfunction syndrome | C9: DISEASE | D9: ENT | E9: FALSE | F9: TRUE
A10: 019b0e3a-d932-4694-8014-c4c7615d6191 | B10: No contraceptive precautions (female) | C10: RISK_FACTOR | D10: None | E10: FALSE | F10: TRUE
A11: 01e7dc30-406d-40de-8f8e-893cb0fbecad | B11: Retinal artery occlusion | C11: DISEASE | D11: OPHTHALMOLOGY | E11: FALSE | F11: TRUE
A12: 0250a1f9-1039-45f5-8b99-22b61e906d85 | B12: Benign paroxysmal positional vertigo | C12: DISEASE | D12: ENT | E12: FALSE | F12: TRUE
A13: 029177e2-337b-4a7d-a596-cd4779c6471e | B13: History of panic attacks | C13: RISK_FACTOR | D13: None | E13: FALSE | F13: TRUE
... A1580: ffbd5f4e-d64a-49c5-ac12-bc69ed29d5db | B1580: Viral upper respiratory tract infection | C1580: DISEASE | D1580: RESPIRATORY | E1580: FALSE | F1580: TRUE

Sheet Searchable
A1: 003eb640-3e58-43c9-9a15-47d92c98120f | B1: FALSE
A2: 004669a5-428b-4dd6-867c-8421bbb0ba05 | B2: FALSE
A3: 008e744b-596c-44f8-9239-dd711f5212fc | B3: FALSE
A4: 00be17ce-bd15-48f0-9b35-a5679959a152 | B4: FALSE
A5: 01029c68-0a2a-4a0c-872d-10311a774b61 | B5: FALSE
A6: 0143922f-d0c9-42fd-9165-5170996300b9 | B6: FALSE
A7: 0149095c-6184-5a0b-96c6-10fb339e6ebe | B7: FALSE
A8: 019b0e3a-d932-4694-8014-c4c7615d6191 | B8: TRUE
A9: 01e7dc30-406d-40de-8f8e-893cb0fbecad | B9: FALSE
A10: 0250a1f9-1039-45f5-8b99-22b61e906d85 | B10: FALSE
A11: 025ddbca-dbe4-5268-929c-ba0a8c3a36a2 | B11: FALSE
A12: 029177e2-337b-4a7d-a596-cd4779c6471e | B12: FALSE
... A1372: ffbd5f4e-d64a-49c5-ac12-bc69ed29d5db | B1372: FALSE

Sheet flows_oct152021_old
A1: flow_route_id | B1: concept_id | C1: concept name | D1: flow_intention | E1: apply_to_sex | F1: flow_purpose | G1: flow_id | H1: flow_type | I1: flow_name | J1: apply_to_ages | K1: region | L1: Adult (18+) | M1: Child (<16)
A2: 00341b4e-2bd5-4887-a8fc-89bbb1d51fbe | B2: 35e2aeb9-932a-40b4-85fa-80c4b3ce21e2 | C2: =if($B2="","",vlookup($B2,concepts_oct152021_old!$A:$B,2,false)) -> #REF! | D2: TRIAGE_AND_POSSIBLE_CONDITIONS | E2: UNISEX | F2: TRIAGE | G2: Dermatology | H2: CHECKBASE | I2: Dermatology | J2: {'lt': 16.0, 'gte': 15.0} | K2: all | L2: =iferror(search("'gte': 18",J2)>0,FALSE) -> FALSE | M2: =or(iferror(search("'lt': 5",J2)>0,FALSE),iferror(search("13",J2)>0,FALSE),iferror(search("'gte': 15",J2)>0,FALSE)) -> TRUE
A3: 00341b4e-2bd5-4887-a8fc-89bbb1d51fbe | B3: 35e2aeb9-932a-40b4-85fa-80c4b3ce21e2 | C3: =if($B3="","",vlookup($B3,concepts_oct152021_old!$A:$B,2,false)) -> #REF! | D3: TRIAGE_AND_POSSIBLE_CONDITIONS | E3: UNISEX | F3: TRIAGE | G3: Dermatology | H3: CHECKBASE | I3: Dermatology | J3: {'lt': 18.0, 'gte': 16.0} | K3: all | L3: =iferror(search("'gte': 18",J3)>0,FALSE) -> FALSE | M3: =or(iferror(search("'lt': 5",J3)>0,FALSE),iferror(search("13",J3)>0,FALSE),iferror(search("'gte': 15",J3)>0,FALSE)) -> FALSE
A4: 00341b4e-2bd5-4887-a8fc-89bbb1d51fbe | B4: 35e2aeb9-932a-40b4-85fa-80c4b3ce21e2 | C4: =if($B4="","",vlookup($B4,concepts_oct152021_old!$A:$B,2,false)) -> #REF! | D4: TRIAGE_AND_POSSIBLE_CONDITIONS | E4: UNISEX | F4: TRIAGE | G4: Dermatology | H4: CHECKBASE | I4: Dermatology | J4: {'gte': 18.0} | K4: all | L4: =iferror(search("'gte': 18",J4)>0,FALSE) -> TRUE | M4: =or(iferror(search("'lt': 5",J4)>0,FALSE),iferror(search("13",J4)>0,FALSE),iferror(search("'gte': 15",J4)>0,FALSE)) -> FALSE
A5: 00373d79-ea6e-4c5b-ab1e-eb115bb035f8 | B5: d7687a20-c168-4a78-b226-a9ab74198d65 | C5: =if($B5="","",vlookup($B5,concepts_oct152021_old!$A:$B,2,false)) -> #REF! | D5: TRIAGE | E5: UNISEX | F5: TRIAGE | G5: Dermatology | H5: CHECKBASE | I5: Dermatology | J5: {'lt': 18.0, 'gte': 16.0} | K5: all | L5: =iferror(search("'gte': 18",J5)>0,FALSE) -> FALSE | M5: =or(iferror(search("'lt': 5",J5)>0,FALSE),iferror(search("13",J5)>0,FALSE),iferror(search("'gte': 15",J5)>0,FALSE)) -> FALSE
A6: 00373d79-ea6e-4c5b-ab1e-eb115bb035f8 | B6: d7687a20-c168-4a78-b226-a9ab74198d65 | C6: =if($B6="","",vlookup($B6,concepts_oct152021_old!$A:$B,2,false)) -> #REF! | D6: TRIAGE | E6: UNISEX | F6: TRIAGE | G6: Dermatology | H6: CHECKBASE | I6: Dermatology | J6: {'gte': 18.0} | K6: all | L6: =iferror(search("'gte': 18",J6)>0,FALSE) -> TRUE | M6: =or(iferror(search("'lt': 5",J6)>0,FALSE),iferror(search("13",J6)>0,FALSE),iferror(search("'gte': 15",J6)>0,FALSE)) -> FALSE
A7: 003ab230-ec61-4861-8f0f-8863c41cb7fa | B7: 6ad11405-d35a-45a8-add5-5222718a09fd | C7: =if($B7="","",vlookup($B7,concepts_oct152021_old!$A:$B,2,false)) -> #REF! | D7: TRIAGE_AND_POSSIBLE_CONDITIONS | E7: UNISEX | F7: TRIAGE_AND_POSSIBLE_CONDITIONS | G7: cough | H7: FLOWBASE_TRIAGE_AND_POSSIBLE_CONDITIONS | I7: cough | J7: {'lt': 16, 'gte': 15} | K7: all | L7: =iferror(search("'gte': 18",J7)>0,FALSE) -> FALSE | M7: =or(iferror(search("'lt': 5",J7)>0,FALSE),iferror(search("13",J7)>0,FALSE),iferror(search("'gte': 15",J7)>0,FALSE)) -> TRUE
A8: 003ab230-ec61-4861-8f0f-8863c41cb7fa | B8: 6ad11405-d35a-45a8-add5-5222718a09fd | C8: =if($B8="","",vlookup($B8,concepts_oct152021_old!$A:$B,2,false)) -> #REF! | D8: TRIAGE_AND_POSSIBLE_CONDITIONS | E8: UNISEX | F8: TRIAGE_AND_POSSIBLE_CONDITIONS | G8: cough | H8: FLOWBASE_TRIAGE_AND_POSSIBLE_CONDITIONS | I8: cough | J8: {'lt': 18, 'gte': 16} | K8: all | L8: =iferror(search("'gte': 18",J8)>0,FALSE) -> FALSE | M8: =or(iferror(search("'lt': 5",J8)>0,FALSE),iferror(search("13",J8)>0,FALSE),iferror(search("'gte': 15",J8)>0,FALSE)) -> FALSE
A9: 003ab230-ec61-4861-8f0f-8863c41cb7fa | B9: 6ad11405-d35a-45a8-add5-5222718a09fd | C9: =if($B9="","",vlookup($B9,concepts_oct152021_old!$A:$B,2,false)) -> #REF! | D9: TRIAGE_AND_POSSIBLE_CONDITIONS | E9: UNISEX | F9: TRIAGE_AND_POSSIBLE_CONDITIONS | G9: cough | H9: FLOWBASE_TRIAGE_AND_POSSIBLE_CONDITIONS | I9: cough | J9: {'gte': 18} | K9: all | L9: =iferror(search("'gte': 18",J9)>0,FALSE) -> TRUE | M9: =or(iferror(search("'lt': 5",J9)>0,FALSE),iferror(search("13",J9)>0,FALSE),iferror(search("'gte': 15",J9)>0,FALSE)) -> FALSE
A10: 003dad38-0d8e-4c41-8887-922af6cf43f9 | B10: 2e285449-cb1c-4313-8d68-d3fa79f72226 | C10: =if($B10="","",vlookup($B10,concepts_oct152021_old!$A:$B,2,false)) -> #REF! | D10: TRIAGE | E10: UNISEX | F10: TRIAGE | G10: Dermatology | H10: CHECKBASE | I10: Dermatology | J10: {'lt': 18.0, 'gte': 16.0} | K10: all | L10: =iferror(search("'gte': 18",J10)>0,FALSE) -> FALSE | M10: =or(iferror(search("'lt': 5",J10)>0,FALSE),iferror(search("13",J10)>0,FALSE),iferror(search("'gte': 15",J10)>0,FALSE)) -> FALSE
A11: 003dad38-0d8e-4c41-8887-922af6cf43f9 | B11: 2e285449-cb1c-4313-8d68-d3fa79f72226 | C11: =if($B11="","",vlookup($B11,concepts_oct152021_old!$A:$B,2,false)) -> #REF! | D11: TRIAGE | E11: UNISEX | F11: TRIAGE | G11: Dermatology | H11: CHECKBASE | I11: Dermatology | J11: {'gte': 18.0} | K11: all | L11: =iferror(search("'gte': 18",J11)>0,FALSE) -> TRUE | M11: =or(iferror(search("'lt': 5",J11)>0,FALSE),iferror(search("13",J11)>0,FALSE),iferror(search("'gte': 15",J11)>0,FALSE)) -> FALSE
A12: 005ba977-b6af-4346-b300-98b0831782ce | B12: d7b888df-3b18-441c-844d-c12aa46470c8 | C12: =if($B12="","",vlookup($B12,concepts_oct152021_old!$A:$B,2,false)) -> #REF! | D12: TRIAGE_AND_POSSIBLE_CONDITIONS | E12: UNISEX | F12: TRIAGE | G12: Nose | H12: CHECKBASE | I12: Nose | J12: {'lt': 16.0, 'gte': 15.0} | K12: all | L12: =iferror(search("'gte': 18",J12)>0,FALSE) -> FALSE | M12: =or(iferror(search("'lt': 5",J12)>0,FALSE),iferror(search("13",J12)>0,FALSE),iferror(search("'gte': 15",J12)>0,FALSE)) -> TRUE
A13: 005ba977-b6af-4346-b300-98b0831782ce | B13: d7b888df-3b18-441c-844d-c12aa46470c8 | C13: =if($B13="","",vlookup($B13,concepts_oct152021_old!$A:$B,2,false)) -> #REF! | D13: TRIAGE_AND_POSSIBLE_CONDITIONS | E13: UNISEX | F13: TRIAGE | G13: Nose | H13: CHECKBASE | I13: Nose | J13: {'lt': 18.0, 'gte': 16.0} | K13: all | L13: =iferror(search("'gte': 18",J13)>0,FALSE) -> FALSE | M13: =or(iferror(search("'lt': 5",J13)>0,FALSE),iferror(search("13",J13)>0,FALSE),iferror(search("'gte': 15",J13)>0,FALSE)) -> FALSE
... A6331: a67b2845-8fef-47e5-a07e-9c4470609253 | B6331: 603a4442-f607-48df-88a8-717d01d92741 | C6331: =if($B6331="","",vlookup($B6331,concepts_oct152021_old!$A:$B,2,false)) -> #REF! | D6331: TRIAGE_AND_POSSIBLE_CONDITIONS | E6331: UNISEX | F6331: TRIAGE | G6331: Coronavirus | H6331: FLOWBASE_TRIAGE | I6331: Coronavirus | J6331: {'gte': 18.0} | K6331: USA | L6331: =iferror(search("'gte': 18",J6331)>0,FALSE) -> TRUE | M6331: =or(iferror(search("'lt': 5",J6331)>0,FALSE),iferror(search("13",J6331)>0,FALSE),iferror(search("'gte': 15",J6331)>0,FALSE)) -> FALSE

Sheet code
A1: NODES
A2: concepts = Concept.objects.filter(deleted=False)
A4: with open('/tmp/concepts.csv', 'w') as f: for concept in concepts: layman = (concept.attributes.get("layman_question", "") or "").replace("\n", "\\n") f.write(f'{concept.disease_as_risk_factor_id};{concept.name};{concept.concept_type};{concept.attributes["medical_system"]};{concept.is_draft};{concept.has_epi_data};{concept.kb_iri};{concept.attributes["layman_name"]};{concept.is_disease_as_risk_factor};{concept.id};{layman};{concept.attributes.get("red_flag", False)};{concept.attributes.get("searchable", False)};{concept.attributes.get("triage", "")};{concept.attributes.get("acute_chronic", "")}\n')
A7: Node regionality
A8: concepts = Concept.objects.filter(deleted=False)
A10: with open('/tmp/concept_regionality.csv', 'w') as f: ...: for c in concepts: ...: cid = c.disease_as_risk_factor_id ...: if c.regions['all_regions']: ...: f.write(f'{cid};all_regions\n') ...: else: ...: for r in c.regions['values']: ...: f.write(f'{cid};{r}\n')
A12: Node synonyms
A13: with open('/tmp/concept_synonyms.csv', 'w') as f:
A14: ...: for concept in concepts:
A15: ...: concept_id = concept.disease_as_risk_factor_id
A16: ...: for synonym in concept.attributes.get("synonyms") or []:
A17: ...: f.write(f'{concept_id};{concept.name};{synonym}\n')
... A51: In [34]: def searchable_for_checkbase_adult_or_child_uk(concept: Concept): ...: frs = FlowRoute.objects.filter(deleted=False, concept_id=concept.id, flow__flow_type="CHECKBASE") ...: applies_to_adult = False ...: applies_to_child = False ...: for fr in frs: ...: applies_to_uk = fr.applies_to_all_regions or any("Default (UK)" == str(region) for region in fr.regions.all()) ...: if not applies_to_uk: continue ...: applies_to_child = applies_to_child or any(a.get('lt') == 5 or a.get('lt') == 13 or a.get('gte') == '13' or a.get('gte') == 15 for a in fr.apply_to_ages) ...: applies_to_adult = applies_to_adult or any(a.get('gte') == 18 for a in fr.apply_to_ages) ...: if applies_to_adult and applies_to_child: return True, True ...: return applies_to_adult, applies_to_child ...: ...: ...: In [35]: concepts = Concept.objects.filter(deleted=False) ...: from src.nodes.models import get_risk_factor_id_conversion_map ...: drf_map = get_risk_factor_id_conversion_map() ...: with open('/tmp/mdr.csv', 'w') as f: ...: for concept in concepts: ...: applies_to_adult, applies_to_child = searchable_for_checkbase_adult_or_child_uk(concept) ...: f.write(f"{drf_map.get(str(concept.id), concept.id)};{concept.attributes['name']};{concept.concept_type};{concept.attributes['searchable']};{applies_to_adult};{applies_to_child}\n") ...: ...:
